model,region,variable,unit,year,Historical Reference,SSP1,SSP2,SSP3,SSP4,SSP5,all_equal,all_ssps_equal,hist_ssp2_equal,max_diff
OECD ENV-Growth 2025,Afghanistan,GDP|PPP,billion USD_2017/yr,2025,65.6637,65.5636,65.6637,65.6707,65.8619,65.6721,FALSE,FALSE,TRUE,0.2983000000000118
OECD ENV-Growth 2025,Africa (R10),GDP|PPP,billion USD_2017/yr,2025,7841.213409,7841.139789,7841.213409,7841.225699000001,7841.293799,7841.242189000001,FALSE,FALSE,TRUE,0.1540100000001985
OECD ENV-Growth 2025,Albania,GDP|PPP,billion USD_2017/yr,2025,48.8271,48.8271,48.8271,48.8271,48.8271,48.8271,TRUE,TRUE,TRUE,0
OECD ENV-Growth 2025,Algeria,GDP|PPP,billion USD_2017/yr,2025,543.288,543.288,543.288,543.288,543.288,543.288,TRUE,TRUE,TRUE,0
OECD ENV-Growth 2025,Angola,GDP|PPP,billion USD_2017/yr,2025,227.037,227.037,227.037,227.037,227.037,227.037,TRUE,TRUE,TRUE,0
OECD ENV-Growth 2025,Antigua and Barbuda,GDP|PPP,billion USD_2017/yr,2025,2.333,2.333,2.333,2.333,2.333,2.333,TRUE,TRUE,TRUE,0
OECD ENV-Growth 2025,Argentina,GDP|PPP,billion USD_2017/yr,2025,861.741,861.741,861.741,861.741,861.741,861.741,TRUE,TRUE,TRUE,0
OECD ENV-Growth 2025,Armenia,GDP|PPP,billion USD_2017/yr,2025,52.4338,52.4338,52.4338,52.4338,52.4338,52.4338,TRUE,TRUE,TRUE,0
OECD ENV-Growth 2025,Aruba,GDP|PPP,billion USD_2017/yr,2025,4.602370000000001,4.602370000000001,4.602370000000001,4.602370000000001,4.602370000000001,4.602370000000001,TRUE,TRUE,TRUE,0
OECD ENV-Growth 2025,Asia (R5),GDP|PPP,billion USD_2017/yr,2025,59889.892373,59890.148653,59889.892373,59889.781723,59889.62380299999,59890.271343,FALSE,FALSE,TRUE,0.6475400000126683
OECD ENV-Growth 2025,Australia,GDP|PPP,billion USD_2017/yr,2025,1383.38,1383.38,1383.38,1383.38,1383.38,1383.38,TRUE,TRUE,TRUE,0
OECD ENV-Growth 2025,Austria,GDP|PPP,billion USD_2017/yr,2025,485.038,485.038,485.038,485.038,485.038,485.038,TRUE,TRUE,TRUE,0
OECD ENV-Growth 2025,Azerbaijan,GDP|PPP,billion USD_2017/yr,2025,164.983,164.983,164.983,164.983,164.983,164.983,TRUE,TRUE,TRUE,0
OECD ENV-Growth 2025,Bahamas,GDP|PPP,billion USD_2017/yr,2025,15.3387,15.3387,15.3387,15.3387,15.3387,15.3387,TRUE,TRUE,TRUE,0
OECD ENV-Growth 2025,Bahrain,GDP|PPP,billion USD_2017/yr,2025,83.7891,83.7891,83.7891,83.7891,83.7891,83.7891,TRUE,TRUE,TRUE,0
OECD ENV-Growth 2025,Bangladesh,GDP|PPP,billion USD_2017/yr,2025,1371.5,1371.5,1371.5,1371.5,1371.5,1371.5,TRUE,TRUE,TRUE,0
OECD ENV-Growth 2025,Barbados,GDP|PPP,billion USD_2017/yr,2025,4.74368,4.74368,4.74368,4.74368,4.74368,4.74368,TRUE,TRUE,TRUE,0
OECD ENV-Growth 2025,Belarus,GDP|PPP,billion USD_2017/yr,2025,184.177,184.177,184.177,184.177,184.177,184.177,TRUE,TRUE,TRUE,0
OECD ENV-Growth 2025,Belgium,GDP|PPP,billion USD_2017/yr,2025,605.902,605.902,605.902,605.902,605.902,605.902,TRUE,TRUE,TRUE,0
OECD ENV-Growth 2025,Belize,GDP|PPP,billion USD_2017/yr,2025,4.34084,4.34084,4.34084,4.34084,4.34084,4.34084,TRUE,TRUE,TRUE,0
OECD ENV-Growth 2025,Benin,GDP|PPP,billion USD_2017/yr,2025,54.5112,54.5112,54.5112,54.5112,54.5112,54.5112,TRUE,TRUE,TRUE,0
OECD ENV-Growth 2025,Bhutan,GDP|PPP,billion USD_2017/yr,2025,9.65527,9.65527,9.65527,9.65527,9.65527,9.65527,TRUE,TRUE,TRUE,0
OECD ENV-Growth 2025,Bolivia,GDP|PPP,billion USD_2017/yr,2025,106.494,106.494,106.494,106.494,106.494,106.494,TRUE,TRUE,TRUE,0
OECD ENV-Growth 2025,Bosnia and Herzegovina,GDP|PPP,billion USD_2017/yr,2025,58.9414,58.9414,58.9414,58.9414,58.9414,58.9414,TRUE,TRUE,TRUE,0
OECD ENV-Growth 2025,Botswana,GDP|PPP,billion USD_2017/yr,2025,46.0452,46.0452,46.0452,46.0452,46.0452,46.0452,TRUE,TRUE,TRUE,0
OECD ENV-Growth 2025,Brazil,GDP|PPP,billion USD_2017/yr,2025,3409.83,3409.83,3409.83,3409.83,3409.83,3409.83,TRUE,TRUE,TRUE,0
OECD ENV-Growth 2025,Brunei Darussalam,GDP|PPP,billion USD_2017/yr,2025,27.8239,27.8239,27.8239,27.8239,27.8239,27.8239,TRUE,TRUE,TRUE,0
OECD ENV-Growth 2025,Bulgaria,GDP|PPP,billion USD_2017/yr,2025,187.916,187.916,187.916,187.916,187.916,187.916,TRUE,TRUE,TRUE,0
OECD ENV-Growth 2025,Burkina Faso,GDP|PPP,billion USD_2017/yr,2025,57.8578,57.8578,57.8578,57.8578,57.8578,57.8578,TRUE,TRUE,TRUE,0
OECD ENV-Growth 2025,Burundi,GDP|PPP,billion USD_2017/yr,2025,10.5911,10.5911,10.5911,10.5911,10.5911,10.5911,TRUE,TRUE,TRUE,0
OECD ENV-Growth 2025,Cabo Verde,GDP|PPP,billion USD_2017/yr,2025,5.10428,5.10428,5.10428,5.10428,5.10428,5.10428,TRUE,TRUE,TRUE,0
OECD ENV-Growth 2025,Cambodia,GDP|PPP,billion USD_2017/yr,2025,90.6875,90.6875,90.6875,90.6875,90.6875,90.6875,TRUE,TRUE,TRUE,0
OECD ENV-Growth 2025,Cameroon,GDP|PPP,billion USD_2017/yr,2025,118.502,118.502,118.502,118.502,118.502,118.502,TRUE,TRUE,TRUE,0
OECD ENV-Growth 2025,Canada,GDP|PPP,billion USD_2017/yr,2025,1862.51,1862.51,1862.51,1862.51,1862.51,1862.51,TRUE,TRUE,TRUE,0
OECD ENV-Growth 2025,Central African Republic,GDP|PPP,billion USD_2017/yr,2025,4.93142,4.93142,4.93142,4.93142,4.93142,4.93142,TRUE,TRUE,TRUE,0
OECD ENV-Growth 2025,Chad,GDP|PPP,billion USD_2017/yr,2025,28.2583,28.2583,28.2583,28.2583,28.2583,28.2583,TRUE,TRUE,TRUE,0
OECD ENV-Growth 2025,Chile,GDP|PPP,billion USD_2017/yr,2025,489.677,489.677,489.677,489.677,489.677,489.677,TRUE,TRUE,TRUE,0
OECD ENV-Growth 2025,China,GDP|PPP,billion USD_2017/yr,2025,30146.2,30146.2,30146.2,30146.2,30146.2,30146.2,TRUE,TRUE,TRUE,0
OECD ENV-Growth 2025,China (R9),GDP|PPP,billion USD_2017/yr,2025,30703.8304,30703.8304,30703.8304,30703.8304,30703.8304,30703.8304,TRUE,TRUE,TRUE,0
OECD ENV-Growth 2025,China+ (R10),GDP|PPP,billion USD_2017/yr,2025,33240.0784,33240.4054,33240.0784,33239.9006,33239.6826,33240.5533,FALSE,FALSE,TRUE,0.8706999999994878
OECD ENV-Growth 2025,Colombia,GDP|PPP,billion USD_2017/yr,2025,797.698,797.698,797.698,797.698,797.698,797.698,TRUE,TRUE,TRUE,0
OECD ENV-Growth 2025,Comoros,GDP|PPP,billion USD_2017/yr,2025,3.01843,3.01843,3.01843,3.01843,3.01843,3.01843,TRUE,TRUE,TRUE,0
OECD ENV-Growth 2025,Congo,GDP|PPP,billion USD_2017/yr,2025,24.657,24.657,24.657,24.657,24.657,24.657,TRUE,TRUE,TRUE,0
OECD ENV-Growth 2025,Costa Rica,GDP|PPP,billion USD_2017/yr,2025,118.316,118.316,118.316,118.316,118.316,118.316,TRUE,TRUE,TRUE,0
OECD ENV-Growth 2025,Croatia,GDP|PPP,billion USD_2017/yr,2025,141.742,141.742,141.742,141.742,141.742,141.742,TRUE,TRUE,TRUE,0
OECD ENV-Growth 2025,Cuba,GDP|PPP,billion USD_2017/yr,2025,82.7981,82.7721,82.7981,81.2588,82.9867,84.3842,FALSE,FALSE,TRUE,3.1254000000000133
OECD ENV-Growth 2025,Cyprus,GDP|PPP,billion USD_2017/yr,2025,42.9015,42.9015,42.9015,42.9015,42.9015,42.9015,TRUE,TRUE,TRUE,0
OECD ENV-Growth 2025,Czechia,GDP|PPP,billion USD_2017/yr,2025,424.547,424.547,424.547,424.547,424.547,424.547,TRUE,TRUE,TRUE,0
OECD ENV-Growth 2025,Côte d'Ivoire,GDP|PPP,billion USD_2017/yr,2025,187.758,187.758,187.758,187.758,187.758,187.758,TRUE,TRUE,TRUE,0
OECD ENV-Growth 2025,Democratic Republic of the Congo,GDP|PPP,billion USD_2017/yr,2025,135.911,135.911,135.911,135.911,135.911,135.911,TRUE,TRUE,TRUE,0
OECD ENV-Growth 2025,Denmark,GDP|PPP,billion USD_2017/yr,2025,341.173,341.173,341.173,341.173,341.173,341.173,TRUE,TRUE,TRUE,0
OECD ENV-Growth 2025,Djibouti,GDP|PPP,billion USD_2017/yr,2025,6.57003,6.57003,6.57003,6.57003,6.57003,6.57003,TRUE,TRUE,TRUE,0
OECD ENV-Growth 2025,Dominican Republic,GDP|PPP,billion USD_2017/yr,2025,247.217,247.217,247.217,247.217,247.217,247.217,TRUE,TRUE,TRUE,0
OECD ENV-Growth 2025,Ecuador,GDP|PPP,billion USD_2017/yr,2025,205.776,205.776,205.776,205.776,205.776,205.776,TRUE,TRUE,TRUE,0
OECD ENV-Growth 2025,Egypt,GDP|PPP,billion USD_2017/yr,2025,1608.55,1608.55,1608.55,1608.55,1608.55,1608.55,TRUE,TRUE,TRUE,0
OECD ENV-Growth 2025,El Salvador,GDP|PPP,billion USD_2017/yr,2025,63.3113,63.3113,63.3113,63.3113,63.3113,63.3113,TRUE,TRUE,TRUE,0
OECD ENV-Growth 2025,Equatorial Guinea,GDP|PPP,billion USD_2017/yr,2025,21.0139,21.0139,21.0139,21.0139,21.0139,21.0139,TRUE,TRUE,TRUE,0
OECD ENV-Growth 2025,Eritrea,GDP|PPP,billion USD_2017/yr,2025,7.04007,7.04007,7.04007,7.04007,7.04007,7.04007,TRUE,TRUE,TRUE,0
OECD ENV-Growth 2025,Estonia,GDP|PPP,billion USD_2017/yr,2025,47.9633,47.9633,47.9633,47.9633,47.9633,47.9633,TRUE,TRUE,TRUE,0
OECD ENV-Growth 2025,Eswatini,GDP|PPP,billion USD_2017/yr,2025,11.9999,11.9999,11.9999,11.9999,11.9999,11.9999,TRUE,TRUE,TRUE,0
OECD ENV-Growth 2025,Ethiopia,GDP|PPP,billion USD_2017/yr,2025,363.207,363.207,363.207,363.207,363.207,363.207,TRUE,TRUE,TRUE,0
OECD ENV-Growth 2025,Europe (R10),GDP|PPP,billion USD_2017/yr,2025,27588.971086633,27588.971086633,27588.971086633,27588.971086633,27588.971086633,27588.971086633,TRUE,TRUE,TRUE,0
OECD ENV-Growth 2025,European Union (R9),GDP|PPP,billion USD_2017/yr,2025,20024.6315,20024.6315,20024.6315,20024.6315,20024.6315,20024.6315,TRUE,TRUE,TRUE,0
OECD ENV-Growth 2025,Fiji,GDP|PPP,billion USD_2017/yr,2025,13.3352,13.3352,13.3352,13.3352,13.3352,13.3352,TRUE,TRUE,TRUE,0
OECD ENV-Growth 2025,Finland,GDP|PPP,billion USD_2017/yr,2025,265.788,265.788,265.788,265.788,265.788,265.788,TRUE,TRUE,TRUE,0
OECD ENV-Growth 2025,France,GDP|PPP,billion USD_2017/yr,2025,3022.77,3022.77,3022.77,3022.77,3022.77,3022.77,TRUE,TRUE,TRUE,0
OECD ENV-Growth 2025,French Guiana,GDP|PPP,billion USD_2017/yr,2025,16.066,15.9488,16.066,16.1071,16.1523,15.9864,FALSE,FALSE,TRUE,0.20350000000000001
OECD ENV-Growth 2025,French Polynesia,GDP|PPP,billion USD_2017/yr,2025,5.44629,5.44737,5.44629,5.43604,5.44542,5.45366,FALSE,FALSE,TRUE,0.01761999999999997
OECD ENV-Growth 2025,Gabon,GDP|PPP,billion USD_2017/yr,2025,36.0025,36.0025,36.0025,36.0025,36.0025,36.0025,TRUE,TRUE,TRUE,0
OECD ENV-Growth 2025,Gambia,GDP|PPP,billion USD_2017/yr,2025,6.88655,6.88655,6.88655,6.88655,6.88655,6.88655,TRUE,TRUE,TRUE,0
OECD ENV-Growth 2025,Georgia,GDP|PPP,billion USD_2017/yr,2025,74.022,74.022,74.022,74.022,74.022,74.022,TRUE,TRUE,TRUE,0
OECD ENV-Growth 2025,Germany,GDP|PPP,billion USD_2017/yr,2025,4276.21,4276.21,4276.21,4276.21,4276.21,4276.21,TRUE,TRUE,TRUE,0
OECD ENV-Growth 2025,Ghana,GDP|PPP,billion USD_2017/yr,2025,199.342,199.342,199.342,199.342,199.342,199.342,TRUE,TRUE,TRUE,0
OECD ENV-Growth 2025,Greece,GDP|PPP,billion USD_2017/yr,2025,336.856,336.856,336.856,336.856,336.856,336.856,TRUE,TRUE,TRUE,0
OECD ENV-Growth 2025,Grenada,GDP|PPP,billion USD_2017/yr,2025,2.02408,2.02408,2.02408,2.02408,2.02408,2.02408,TRUE,TRUE,TRUE,0
OECD ENV-Growth 2025,Guam,GDP|PPP,billion USD_2017/yr,2025,6.75847,6.75438,6.75847,6.89789,6.76873,6.49352,FALSE,FALSE,TRUE,0.4043700000000001
OECD ENV-Growth 2025,Guatemala,GDP|PPP,billion USD_2017/yr,2025,176.378,176.378,176.378,176.378,176.378,176.378,TRUE,TRUE,TRUE,0
OECD ENV-Growth 2025,Guinea,GDP|PPP,billion USD_2017/yr,2025,44.4269,44.4269,44.4269,44.4269,44.4269,44.4269,TRUE,TRUE,TRUE,0
OECD ENV-Growth 2025,Guinea-Bissau,GDP|PPP,billion USD_2017/yr,2025,5.38701,5.38701,5.38701,5.38701,5.38701,5.38701,TRUE,TRUE,TRUE,0
OECD ENV-Growth 2025,Guyana,GDP|PPP,billion USD_2017/yr,2025,59.5733,59.5733,59.5733,59.5733,59.5733,59.5733,TRUE,TRUE,TRUE,0
OECD ENV-Growth 2025,Haiti,GDP|PPP,billion USD_2017/yr,2025,32.7487,32.7487,32.7487,32.7487,32.7487,32.7487,TRUE,TRUE,TRUE,0
OECD ENV-Growth 2025,Honduras,GDP|PPP,billion USD_2017/yr,2025,65.4587,65.4587,65.4587,65.4587,65.4587,65.4587,TRUE,TRUE,TRUE,0
OECD ENV-Growth 2025,Hong Kong,GDP|PPP,billion USD_2017/yr,2025,474.864,474.864,474.864,474.864,474.864,474.864,TRUE,TRUE,TRUE,0
OECD ENV-Growth 2025,Hungary,GDP|PPP,billion USD_2017/yr,2025,347.096,347.096,347.096,347.096,347.096,347.096,TRUE,TRUE,TRUE,0
OECD ENV-Growth 2025,Iceland,GDP|PPP,billion USD_2017/yr,2025,21.9315,21.9315,21.9315,21.9315,21.9315,21.9315,TRUE,TRUE,TRUE,0
OECD ENV-Growth 2025,India,GDP|PPP,billion USD_2017/yr,2025,11852.9,11852.9,11852.9,11852.9,11852.9,11852.9,TRUE,TRUE,TRUE,0
OECD ENV-Growth 2025,India (R9),GDP|PPP,billion USD_2017/yr,2025,11852.9,11852.9,11852.9,11852.9,11852.9,11852.9,TRUE,TRUE,TRUE,0
OECD ENV-Growth 2025,India+ (R10),GDP|PPP,billion USD_2017/yr,2025,15083.24467,15083.14457,15083.24467,15083.25167,15083.44287,15083.25307,FALSE,FALSE,TRUE,0.29830000000038126
OECD ENV-Growth 2025,Indonesia,GDP|PPP,billion USD_2017/yr,2025,4005.26,4005.26,4005.26,4005.26,4005.26,4005.26,TRUE,TRUE,TRUE,0
OECD ENV-Growth 2025,Iran,GDP|PPP,billion USD_2017/yr,2025,1473.82,1473.82,1473.82,1473.82,1473.82,1473.82,TRUE,TRUE,TRUE,0
OECD ENV-Growth 2025,Iraq,GDP|PPP,billion USD_2017/yr,2025,445.304,445.304,445.304,445.304,445.304,445.304,TRUE,TRUE,TRUE,0
OECD ENV-Growth 2025,Ireland,GDP|PPP,billion USD_2017/yr,2025,584.221,584.221,584.221,584.221,584.221,584.221,TRUE,TRUE,TRUE,0
OECD ENV-Growth 2025,Israel,GDP|PPP,billion USD_2017/yr,2025,439.578,439.578,439.578,439.578,439.578,439.578,TRUE,TRUE,TRUE,0
OECD ENV-Growth 2025,Italy,GDP|PPP,billion USD_2017/yr,2025,2455.89,2455.89,2455.89,2455.89,2455.89,2455.89,TRUE,TRUE,TRUE,0
OECD ENV-Growth 2025,Jamaica,GDP|PPP,billion USD_2017/yr,2025,30.1838,30.1838,30.1838,30.1838,30.1838,30.1838,TRUE,TRUE,TRUE,0
OECD ENV-Growth 2025,Japan,GDP|PPP,billion USD_2017/yr,2025,5485.67,5485.67,5485.67,5485.67,5485.67,5485.67,TRUE,TRUE,TRUE,0
OECD ENV-Growth 2025,Jordan,GDP|PPP,billion USD_2017/yr,2025,114.145,114.145,114.145,114.145,114.145,114.145,TRUE,TRUE,TRUE,0
OECD ENV-Growth 2025,Kazakhstan,GDP|PPP,billion USD_2017/yr,2025,582.083,582.083,582.083,582.083,582.083,582.083,TRUE,TRUE,TRUE,0
OECD ENV-Growth 2025,Kenya,GDP|PPP,billion USD_2017/yr,2025,307.035,307.035,307.035,307.035,307.035,307.035,TRUE,TRUE,TRUE,0
OECD ENV-Growth 2025,Kiribati,GDP|PPP,billion USD_2017/yr,2025,0.252936999999999,0.252936999999999,0.252936999999999,0.252936999999999,0.252936999999999,0.252936999999999,TRUE,TRUE,TRUE,0
OECD ENV-Growth 2025,Kosovo,GDP|PPP,billion USD_2017/yr,2025,24.665386633,24.665386633,24.665386633,24.665386633,24.665386633,24.665386633,TRUE,TRUE,TRUE,0
OECD ENV-Growth 2025,Kuwait,GDP|PPP,billion USD_2017/yr,2025,225.983,225.983,225.983,225.983,225.983,225.983,TRUE,TRUE,TRUE,0
OECD ENV-Growth 2025,Kyrgyzstan,GDP|PPP,billion USD_2017/yr,2025,39.4952,39.4952,39.4952,39.4952,39.4952,39.4952,TRUE,TRUE,TRUE,0
OECD ENV-Growth 2025,Laos,GDP|PPP,billion USD_2017/yr,2025,65.6445,65.6445,65.6445,65.6445,65.6445,65.6445,TRUE,TRUE,TRUE,0
OECD ENV-Growth 2025,Latin America (R10),GDP|PPP,billion USD_2017/yr,2025,10658.93114,10658.76606,10658.93114,10657.43269,10659.38957,10660.6204,FALSE,FALSE,TRUE,3.187710000000152
OECD ENV-Growth 2025,Latin America (R5),GDP|PPP,billion USD_2017/yr,2025,10551.27514,10551.11006,10551.27514,10549.77669,10551.73357,10552.9644,FALSE,FALSE,TRUE,3.187710000000152
OECD ENV-Growth 2025,Latin America (R9),GDP|PPP,billion USD_2017/yr,2025,10551.27514,10551.11006,10551.27514,10549.77669,10551.73357,10552.9644,FALSE,FALSE,TRUE,3.187710000000152
OECD ENV-Growth 2025,Latvia,GDP|PPP,billion USD_2017/yr,2025,60.795,60.795,60.795,60.795,60.795,60.795,TRUE,TRUE,TRUE,0
OECD ENV-Growth 2025,Lebanon,GDP|PPP,billion USD_2017/yr,2025,69.8061,69.6446,69.8061,69.8317,69.926,69.7444,FALSE,FALSE,TRUE,0.281400000000005
OECD ENV-Growth 2025,Lesotho,GDP|PPP,billion USD_2017/yr,2025,5.9243,5.9243,5.9243,5.9243,5.9243,5.9243,TRUE,TRUE,TRUE,0
OECD ENV-Growth 2025,Liberia,GDP|PPP,billion USD_2017/yr,2025,8.89204,8.89204,8.89204,8.89204,8.89204,8.89204,TRUE,TRUE,TRUE,0
OECD ENV-Growth 2025,Libya,GDP|PPP,billion USD_2017/yr,2025,156.525,156.525,156.525,156.525,156.525,156.525,TRUE,TRUE,TRUE,0
OECD ENV-Growth 2025,Lithuania,GDP|PPP,billion USD_2017/yr,2025,110.763,110.763,110.763,110.763,110.763,110.763,TRUE,TRUE,TRUE,0
OECD ENV-Growth 2025,Luxembourg,GDP|PPP,billion USD_2017/yr,2025,76.042,76.042,76.042,76.042,76.042,76.042,TRUE,TRUE,TRUE,0
OECD ENV-Growth 2025,Macao,GDP|PPP,billion USD_2017/yr,2025,82.7664,82.7664,82.7664,82.7664,82.7664,82.7664,TRUE,TRUE,TRUE,0
OECD ENV-Growth 2025,Madagascar,GDP|PPP,billion USD_2017/yr,2025,50.8714,50.8714,50.8714,50.8714,50.8714,50.8714,TRUE,TRUE,TRUE,0
OECD ENV-Growth 2025,Malawi,GDP|PPP,billion USD_2017/yr,2025,33.199,33.199,33.199,33.199,33.199,33.199,TRUE,TRUE,TRUE,0
OECD ENV-Growth 2025,Malaysia,GDP|PPP,billion USD_2017/yr,2025,1090.28,1090.28,1090.28,1090.28,1090.28,1090.28,TRUE,TRUE,TRUE,0
OECD ENV-Growth 2025,Maldives,GDP|PPP,billion USD_2017/yr,2025,13.4647,13.4647,13.4647,13.4647,13.4647,13.4647,TRUE,TRUE,TRUE,0
OECD ENV-Growth 2025,Mali,GDP|PPP,billion USD_2017/yr,2025,55.5534,55.5534,55.5534,55.5534,55.5534,55.5534,TRUE,TRUE,TRUE,0
OECD ENV-Growth 2025,Malta,GDP|PPP,billion USD_2017/yr,2025,29.0761,29.0761,29.0761,29.0761,29.0761,29.0761,TRUE,TRUE,TRUE,0
OECD ENV-Growth 2025,Mauritania,GDP|PPP,billion USD_2017/yr,2025,30.756,30.756,30.756,30.756,30.756,30.756,TRUE,TRUE,TRUE,0
OECD ENV-Growth 2025,Mauritius,GDP|PPP,billion USD_2017/yr,2025,32.4593,32.4593,32.4593,32.4593,32.4593,32.4593,TRUE,TRUE,TRUE,0
OECD ENV-Growth 2025,Mayotte,GDP|PPP,billion USD_2017/yr,2025,9.58331,9.50973,9.58331,9.61572,9.66521,9.57496,FALSE,FALSE,TRUE,0.15548000000000073
OECD ENV-Growth 2025,Mexico,GDP|PPP,billion USD_2017/yr,2025,2645.37,2645.37,2645.37,2645.37,2645.37,2645.37,TRUE,TRUE,TRUE,0
OECD ENV-Growth 2025,Micronesia,GDP|PPP,billion USD_2017/yr,2025,0.353931999999999,0.353931999999999,0.353931999999999,0.353931999999999,0.353931999999999,0.353931999999999,TRUE,TRUE,TRUE,0
OECD ENV-Growth 2025,Middle East & Africa (R5),GDP|PPP,billion USD_2017/yr,2025,14043.261109,14043.054689,14043.261109,14043.220399,14043.405699,14043.268389,FALSE,FALSE,TRUE,0.3510100000003149
OECD ENV-Growth 2025,Middle East & Africa (R9),GDP|PPP,billion USD_2017/yr,2025,14043.261109,14043.054689,14043.261109,14043.220399,14043.405699,14043.268389,FALSE,FALSE,TRUE,0.3510100000003149
OECD ENV-Growth 2025,Middle East (R10),GDP|PPP,billion USD_2017/yr,2025,6202.0477,6201.9149,6202.0477,6201.994699999999,6202.1119,6202.026199999999,FALSE,FALSE,TRUE,0.19700000000011642
OECD ENV-Growth 2025,Moldova,GDP|PPP,billion USD_2017/yr,2025,37.7605,37.7605,37.7605,37.7605,37.7605,37.7605,TRUE,TRUE,TRUE,0
OECD ENV-Growth 2025,Mongolia,GDP|PPP,billion USD_2017/yr,2025,46.8166,46.8166,46.8166,46.8166,46.8166,46.8166,TRUE,TRUE,TRUE,0
OECD ENV-Growth 2025,Montenegro,GDP|PPP,billion USD_2017/yr,2025,15.24,15.24,15.24,15.24,15.24,15.24,TRUE,TRUE,TRUE,0
OECD ENV-Growth 2025,Morocco,GDP|PPP,billion USD_2017/yr,2025,336.533,336.533,336.533,336.533,336.533,336.533,TRUE,TRUE,TRUE,0
OECD ENV-Growth 2025,Mozambique,GDP|PPP,billion USD_2017/yr,2025,48.3351,48.3351,48.3351,48.3351,48.3351,48.3351,TRUE,TRUE,TRUE,0
OECD ENV-Growth 2025,Myanmar,GDP|PPP,billion USD_2017/yr,2025,238.781,238.781,238.781,238.781,238.781,238.781,TRUE,TRUE,TRUE,0
OECD ENV-Growth 2025,Namibia,GDP|PPP,billion USD_2017/yr,2025,26.4236,26.4236,26.4236,26.4236,26.4236,26.4236,TRUE,TRUE,TRUE,0
OECD ENV-Growth 2025,Nepal,GDP|PPP,billion USD_2017/yr,2025,136.076,136.076,136.076,136.076,136.076,136.076,TRUE,TRUE,TRUE,0
OECD ENV-Growth 2025,Netherlands,GDP|PPP,billion USD_2017/yr,2025,1014.01,1014.01,1014.01,1014.01,1014.01,1014.01,TRUE,TRUE,TRUE,0
OECD ENV-Growth 2025,New Caledonia,GDP|PPP,billion USD_2017/yr,2025,11.9061,11.9344,11.9061,11.9765,11.836,11.7944,FALSE,FALSE,TRUE,0.18210000000000015
OECD ENV-Growth 2025,New Zealand,GDP|PPP,billion USD_2017/yr,2025,223.282,223.282,223.282,223.282,223.282,223.282,TRUE,TRUE,TRUE,0
OECD ENV-Growth 2025,Nicaragua,GDP|PPP,billion USD_2017/yr,2025,44.5433,44.5433,44.5433,44.5433,44.5433,44.5433,TRUE,TRUE,TRUE,0
OECD ENV-Growth 2025,Niger,GDP|PPP,billion USD_2017/yr,2025,41.3144,41.3144,41.3144,41.3144,41.3144,41.3144,TRUE,TRUE,TRUE,0
OECD ENV-Growth 2025,Nigeria,GDP|PPP,billion USD_2017/yr,2025,1185.13,1185.13,1185.13,1185.13,1185.13,1185.13,TRUE,TRUE,TRUE,0
OECD ENV-Growth 2025,North America (R10),GDP|PPP,billion USD_2017/yr,2025,24326.06847,24326.06438,24326.06847,24326.20789,24326.07873,24325.80352,FALSE,FALSE,TRUE,0.40437000000019907
OECD ENV-Growth 2025,North Korea,GDP|PPP,billion USD_2017/yr,2025,58.8114,59.1384,58.8114,58.6336,58.4156,59.2863,FALSE,FALSE,TRUE,0.8706999999999994
OECD ENV-Growth 2025,North Macedonia,GDP|PPP,billion USD_2017/yr,2025,38.4392,38.4392,38.4392,38.4392,38.4392,38.4392,TRUE,TRUE,TRUE,0
OECD ENV-Growth 2025,Norway,GDP|PPP,billion USD_2017/yr,2025,365.437,365.437,365.437,365.437,365.437,365.437,TRUE,TRUE,TRUE,0
OECD ENV-Growth 2025,OECD & EU (R5),GDP|PPP,billion USD_2017/yr,2025,59115.02755663299,59115.023466633,59115.02755663299,59115.166976633,59115.037816633,59114.762606633,FALSE,FALSE,TRUE,0.40437000000383705
OECD ENV-Growth 2025,Oman,GDP|PPP,billion USD_2017/yr,2025,173.087,173.087,173.087,173.087,173.087,173.087,TRUE,TRUE,TRUE,0
OECD ENV-Growth 2025,Other Asia (R9),GDP|PPP,billion USD_2017/yr,2025,17333.161973,17333.418253,17333.161973,17333.051323,17332.893403,17333.540943,FALSE,FALSE,TRUE,0.6475400000017544
OECD ENV-Growth 2025,Other OECD (R9),GDP|PPP,billion USD_2017/yr,2025,16633.596056633,16633.591966633,16633.596056633,16633.735476633,16633.606316633,16633.331106633,FALSE,FALSE,TRUE,0.40437000000019907
OECD ENV-Growth 2025,Pacific OECD (R10),GDP|PPP,billion USD_2017/yr,2025,7092.332,7092.332,7092.332,7092.332,7092.332,7092.332,TRUE,TRUE,TRUE,0
OECD ENV-Growth 2025,Pakistan,GDP|PPP,billion USD_2017/yr,2025,1360.53,1360.53,1360.53,1360.53,1360.53,1360.53,TRUE,TRUE,TRUE,0
OECD ENV-Growth 2025,Palestine,GDP|PPP,billion USD_2017/yr,2025,31.2633,31.2633,31.2633,31.2633,31.2633,31.2633,TRUE,TRUE,TRUE,0
OECD ENV-Growth 2025,Panama,GDP|PPP,billion USD_2017/yr,2025,168.143,168.143,168.143,168.143,168.143,168.143,TRUE,TRUE,TRUE,0
OECD ENV-Growth 2025,Papua New Guinea,GDP|PPP,billion USD_2017/yr,2025,36.966,36.966,36.966,36.966,36.966,36.966,TRUE,TRUE,TRUE,0
OECD ENV-Growth 2025,Paraguay,GDP|PPP,billion USD_2017/yr,2025,103.285,103.285,103.285,103.285,103.285,103.285,TRUE,TRUE,TRUE,0
OECD ENV-Growth 2025,Peru,GDP|PPP,billion USD_2017/yr,2025,474.594,474.594,474.594,474.594,474.594,474.594,TRUE,TRUE,TRUE,0
OECD ENV-Growth 2025,Philippines,GDP|PPP,billion USD_2017/yr,2025,1173.33,1173.33,1173.33,1173.33,1173.33,1173.33,TRUE,TRUE,TRUE,0
OECD ENV-Growth 2025,Poland,GDP|PPP,billion USD_2017/yr,2025,1427.74,1427.74,1427.74,1427.74,1427.74,1427.74,TRUE,TRUE,TRUE,0
OECD ENV-Growth 2025,Portugal,GDP|PPP,billion USD_2017/yr,2025,374.397,374.397,374.397,374.397,374.397,374.397,TRUE,TRUE,TRUE,0
OECD ENV-Growth 2025,Puerto Rico,GDP|PPP,billion USD_2017/yr,2025,107.656,107.656,107.656,107.656,107.656,107.656,TRUE,TRUE,TRUE,0
OECD ENV-Growth 2025,Qatar,GDP|PPP,billion USD_2017/yr,2025,284.051,284.051,284.051,284.051,284.051,284.051,TRUE,TRUE,TRUE,0
OECD ENV-Growth 2025,Reforming Economies (R10),GDP|PPP,billion USD_2017/yr,2025,5984.635499999999,5984.635499999999,5984.635499999999,5984.635499999999,5984.635499999999,5984.635499999999,TRUE,TRUE,TRUE,0
OECD ENV-Growth 2025,Reforming Economies (R5),GDP|PPP,billion USD_2017/yr,2025,5984.635499999999,5984.635499999999,5984.635499999999,5984.635499999999,5984.635499999999,5984.635499999999,TRUE,TRUE,TRUE,0
OECD ENV-Growth 2025,Reforming Economies (R9),GDP|PPP,billion USD_2017/yr,2025,5984.635499999999,5984.635499999999,5984.635499999999,5984.635499999999,5984.635499999999,5984.635499999999,TRUE,TRUE,TRUE,0
OECD ENV-Growth 2025,Rest of Asia (R10),GDP|PPP,billion USD_2017/yr,2025,11566.569303,11566.598683,11566.569303,11566.629453,11566.498333,11566.464973,FALSE,FALSE,TRUE,0.1644799999994575
OECD ENV-Growth 2025,Romania,GDP|PPP,billion USD_2017/yr,2025,605.722,605.722,605.722,605.722,605.722,605.722,TRUE,TRUE,TRUE,0
OECD ENV-Growth 2025,Russian Federation,GDP|PPP,billion USD_2017/yr,2025,3930.24,3930.24,3930.24,3930.24,3930.24,3930.24,TRUE,TRUE,TRUE,0
OECD ENV-Growth 2025,Rwanda,GDP|PPP,billion USD_2017/yr,2025,39.6021,39.6021,39.6021,39.6021,39.6021,39.6021,TRUE,TRUE,TRUE,0
OECD ENV-Growth 2025,Saint Lucia,GDP|PPP,billion USD_2017/yr,2025,2.95041,2.95041,2.95041,2.95041,2.95041,2.95041,TRUE,TRUE,TRUE,0
OECD ENV-Growth 2025,Saint Vincent and the Grenadines,GDP|PPP,billion USD_2017/yr,2025,1.76493,1.76493,1.76493,1.76493,1.76493,1.76493,TRUE,TRUE,TRUE,0
OECD ENV-Growth 2025,Samoa,GDP|PPP,billion USD_2017/yr,2025,1.15936,1.15936,1.15936,1.15936,1.15936,1.15936,TRUE,TRUE,TRUE,0
OECD ENV-Growth 2025,Sao Tome and Principe,GDP|PPP,billion USD_2017/yr,2025,0.829859,0.829859,0.829859,0.829859,0.829859,0.829859,TRUE,TRUE,TRUE,0
OECD ENV-Growth 2025,Saudi Arabia,GDP|PPP,billion USD_2017/yr,2025,1941.87,1941.87,1941.87,1941.87,1941.87,1941.87,TRUE,TRUE,TRUE,0
OECD ENV-Growth 2025,Senegal,GDP|PPP,billion USD_2017/yr,2025,76.9212,76.9212,76.9212,76.9212,76.9212,76.9212,TRUE,TRUE,TRUE,0
OECD ENV-Growth 2025,Serbia,GDP|PPP,billion USD_2017/yr,2025,152.122,152.122,152.122,152.122,152.122,152.122,TRUE,TRUE,TRUE,0
OECD ENV-Growth 2025,Seychelles,GDP|PPP,billion USD_2017/yr,2025,3.68008,3.68008,3.68008,3.68008,3.68008,3.68008,TRUE,TRUE,TRUE,0
OECD ENV-Growth 2025,Sierra Leone,GDP|PPP,billion USD_2017/yr,2025,16.0047,16.0047,16.0047,16.0047,16.0047,16.0047,TRUE,TRUE,TRUE,0
OECD ENV-Growth 2025,Singapore,GDP|PPP,billion USD_2017/yr,2025,643.993,643.993,643.993,643.993,643.993,643.993,TRUE,TRUE,TRUE,0
OECD ENV-Growth 2025,Slovakia,GDP|PPP,billion USD_2017/yr,2025,198.071,198.071,198.071,198.071,198.071,198.071,TRUE,TRUE,TRUE,0
OECD ENV-Growth 2025,Slovenia,GDP|PPP,billion USD_2017/yr,2025,85.8576,85.8576,85.8576,85.8576,85.8576,85.8576,TRUE,TRUE,TRUE,0
OECD ENV-Growth 2025,Solomon Islands,GDP|PPP,billion USD_2017/yr,2025,1.53733,1.53733,1.53733,1.53733,1.53733,1.53733,TRUE,TRUE,TRUE,0
OECD ENV-Growth 2025,Somalia,GDP|PPP,billion USD_2017/yr,2025,28.2333,28.2333,28.2333,28.2333,28.2333,28.2333,TRUE,TRUE,TRUE,0
OECD ENV-Growth 2025,South Africa,GDP|PPP,billion USD_2017/yr,2025,813.18,813.18,813.18,813.18,813.18,813.18,TRUE,TRUE,TRUE,0
OECD ENV-Growth 2025,South Korea,GDP|PPP,billion USD_2017/yr,2025,2430.62,2430.62,2430.62,2430.62,2430.62,2430.62,TRUE,TRUE,TRUE,0
OECD ENV-Growth 2025,South Sudan,GDP|PPP,billion USD_2017/yr,2025,6.40987,6.40987,6.40987,6.40987,6.40987,6.40987,TRUE,TRUE,TRUE,0
OECD ENV-Growth 2025,Spain,GDP|PPP,billion USD_2017/yr,2025,1900.93,1900.93,1900.93,1900.93,1900.93,1900.93,TRUE,TRUE,TRUE,0
OECD ENV-Growth 2025,Sri Lanka,GDP|PPP,billion USD_2017/yr,2025,273.455,273.455,273.455,273.455,273.455,273.455,TRUE,TRUE,TRUE,0
OECD ENV-Growth 2025,Sudan,GDP|PPP,billion USD_2017/yr,2025,151.506,151.506,151.506,151.506,151.506,151.506,TRUE,TRUE,TRUE,0
OECD ENV-Growth 2025,Suriname,GDP|PPP,billion USD_2017/yr,2025,9.90498,9.90498,9.90498,9.90498,9.90498,9.90498,TRUE,TRUE,TRUE,0
OECD ENV-Growth 2025,Sweden,GDP|PPP,billion USD_2017/yr,2025,575.214,575.214,575.214,575.214,575.214,575.214,TRUE,TRUE,TRUE,0
OECD ENV-Growth 2025,Switzerland,GDP|PPP,billion USD_2017/yr,2025,634.996,634.996,634.996,634.996,634.996,634.996,TRUE,TRUE,TRUE,0
OECD ENV-Growth 2025,Syria,GDP|PPP,billion USD_2017/yr,2025,64.8018,64.8305,64.8018,64.7232,64.7461,64.842,FALSE,FALSE,TRUE,0.11879999999999313
OECD ENV-Growth 2025,Taiwan,GDP|PPP,billion USD_2017/yr,2025,1456.74,1456.74,1456.74,1456.74,1456.74,1456.74,TRUE,TRUE,TRUE,0
OECD ENV-Growth 2025,Tajikistan,GDP|PPP,billion USD_2017/yr,2025,48.033,48.033,48.033,48.033,48.033,48.033,TRUE,TRUE,TRUE,0
OECD ENV-Growth 2025,Tanzania,GDP|PPP,billion USD_2017/yr,2025,209.587,209.587,209.587,209.587,209.587,209.587,TRUE,TRUE,TRUE,0
OECD ENV-Growth 2025,Thailand,GDP|PPP,billion USD_2017/yr,2025,1371.85,1371.85,1371.85,1371.85,1371.85,1371.85,TRUE,TRUE,TRUE,0
OECD ENV-Growth 2025,Timor-Leste,GDP|PPP,billion USD_2017/yr,2025,4.18281,4.18281,4.18281,4.18281,4.18281,4.18281,TRUE,TRUE,TRUE,0
OECD ENV-Growth 2025,Togo,GDP|PPP,billion USD_2017/yr,2025,22.738,22.738,22.738,22.738,22.738,22.738,TRUE,TRUE,TRUE,0
OECD ENV-Growth 2025,Tonga,GDP|PPP,billion USD_2017/yr,2025,0.608561,0.608561,0.608561,0.608561,0.608561,0.608561,TRUE,TRUE,TRUE,0
OECD ENV-Growth 2025,Trinidad and Tobago,GDP|PPP,billion USD_2017/yr,2025,37.3631,37.3631,37.3631,37.3631,37.3631,37.3631,TRUE,TRUE,TRUE,0
OECD ENV-Growth 2025,Tunisia,GDP|PPP,billion USD_2017/yr,2025,136.763,136.763,136.763,136.763,136.763,136.763,TRUE,TRUE,TRUE,0
OECD ENV-Growth 2025,Turkey,GDP|PPP,billion USD_2017/yr,2025,3098.2,3098.2,3098.2,3098.2,3098.2,3098.2,TRUE,TRUE,TRUE,0
OECD ENV-Growth 2025,Turkmenistan,GDP|PPP,billion USD_2017/yr,2025,107.274,107.274,107.274,107.274,107.274,107.274,TRUE,TRUE,TRUE,0
OECD ENV-Growth 2025,USA (R9),GDP|PPP,billion USD_2017/yr,2025,22456.8,22456.8,22456.8,22456.8,22456.8,22456.8,TRUE,TRUE,TRUE,0
OECD ENV-Growth 2025,Uganda,GDP|PPP,billion USD_2017/yr,2025,134.738,134.738,134.738,134.738,134.738,134.738,TRUE,TRUE,TRUE,0
OECD ENV-Growth 2025,Ukraine,GDP|PPP,billion USD_2017/yr,2025,426.261,426.261,426.261,426.261,426.261,426.261,TRUE,TRUE,TRUE,0
OECD ENV-Growth 2025,United Arab Emirates,GDP|PPP,billion USD_2017/yr,2025,792.174,792.174,792.174,792.174,792.174,792.174,TRUE,TRUE,TRUE,0
OECD ENV-Growth 2025,United Kingdom,GDP|PPP,billion USD_2017/yr,2025,3105.54,3105.54,3105.54,3105.54,3105.54,3105.54,TRUE,TRUE,TRUE,0
OECD ENV-Growth 2025,United States,GDP|PPP,billion USD_2017/yr,2025,22456.8,22456.8,22456.8,22456.8,22456.8,22456.8,TRUE,TRUE,TRUE,0
OECD ENV-Growth 2025,United States Virgin Islands,GDP|PPP,billion USD_2017/yr,2025,3.24045,3.23557,3.24045,3.2182,3.24398,3.28821,FALSE,FALSE,TRUE,0.0700099999999999
OECD ENV-Growth 2025,Uruguay,GDP|PPP,billion USD_2017/yr,2025,89.7154,89.7154,89.7154,89.7154,89.7154,89.7154,TRUE,TRUE,TRUE,0
OECD ENV-Growth 2025,Uzbekistan,GDP|PPP,billion USD_2017/yr,2025,337.873,337.873,337.873,337.873,337.873,337.873,TRUE,TRUE,TRUE,0
OECD ENV-Growth 2025,Vanuatu,GDP|PPP,billion USD_2017/yr,2025,0.850883,0.850883,0.850883,0.850883,0.850883,0.850883,TRUE,TRUE,TRUE,0
OECD ENV-Growth 2025,Venezuela,GDP|PPP,billion USD_2017/yr,2025,173.751,173.734,173.751,173.773,173.931,173.886,FALSE,FALSE,TRUE,0.19700000000000273
OECD ENV-Growth 2025,Viet Nam,GDP|PPP,billion USD_2017/yr,2025,1325.58,1325.58,1325.58,1325.58,1325.58,1325.58,TRUE,TRUE,TRUE,0
OECD ENV-Growth 2025,Western Sahara,GDP|PPP,billion USD_2017/yr,2025,1.14956,1.14952,1.14956,1.12944,1.14805,1.18669,FALSE,FALSE,TRUE,0.05725000000000002
OECD ENV-Growth 2025,World,GDP|PPP,billion USD_2017/yr,2025,149584.091678633,149583.972368633,149584.091678633,149582.581288633,149584.436388633,149585.902238633,FALSE,FALSE,TRUE,3.3209499999939
OECD ENV-Growth 2025,Yemen,GDP|PPP,billion USD_2017/yr,2025,62.3754,62.3754,62.3754,62.3754,62.3754,62.3754,TRUE,TRUE,TRUE,0
OECD ENV-Growth 2025,Zambia,GDP|PPP,billion USD_2017/yr,2025,74.5033,74.5033,74.5033,74.5033,74.5033,74.5033,TRUE,TRUE,TRUE,0
OECD ENV-Growth 2025,Zimbabwe,GDP|PPP,billion USD_2017/yr,2025,38.936,38.936,38.936,38.936,38.936,38.936,TRUE,TRUE,TRUE,0
IIASA GDP 2023,Afghanistan,GDP|PPP,billion USD_2017/yr,2025,NA,38.776222554997,38.776222554997,38.776222554997,38.776222554997,38.776222554997,NA,TRUE,NA,NA
IIASA GDP 2023,Africa (R10),GDP|PPP,billion USD_2017/yr,2025,NA,7905.522798279552,7905.522798279552,7905.522798279552,7905.522798279552,7905.522798279552,NA,TRUE,NA,NA
IIASA GDP 2023,Albania,GDP|PPP,billion USD_2017/yr,2025,NA,47.4110750626342,47.4110750626342,47.4110750626342,47.4110750626342,47.4110750626342,NA,TRUE,NA,NA
IIASA GDP 2023,Algeria,GDP|PPP,billion USD_2017/yr,2025,NA,530.710596835812,530.710596835812,530.710596835812,530.710596835812,530.710596835812,NA,TRUE,NA,NA
IIASA GDP 2023,Angola,GDP|PPP,billion USD_2017/yr,2025,NA,233.488317667248,233.488317667248,233.488317667248,233.488317667248,233.488317667248,NA,TRUE,NA,NA
IIASA GDP 2023,Antigua and Barbuda,GDP|PPP,billion USD_2017/yr,2025,NA,2.194934952628,2.194934952628,2.194934952628,2.194934952628,2.194934952628,NA,TRUE,NA,NA
IIASA GDP 2023,Argentina,GDP|PPP,billion USD_2017/yr,2025,NA,1081.92765621917,1081.92765621917,1081.92765621917,1081.92765621917,1081.92765621917,NA,TRUE,NA,NA
IIASA GDP 2023,Armenia,GDP|PPP,billion USD_2017/yr,2025,NA,51.6853896320902,51.6853896320902,51.6853896320902,51.6853896320902,51.6853896320902,NA,TRUE,NA,NA
IIASA GDP 2023,Aruba,GDP|PPP,billion USD_2017/yr,2025,NA,4.55177125809898,4.55177125809898,4.55177125809898,4.55177125809898,4.55177125809898,NA,TRUE,NA,NA
IIASA GDP 2023,Asia (R5),GDP|PPP,billion USD_2017/yr,2025,NA,51686.46448881338,51686.46448881338,51686.46448881338,51686.46448881338,51686.46448881338,NA,TRUE,NA,NA
IIASA GDP 2023,Australia,GDP|PPP,billion USD_2017/yr,2025,NA,1455.10647846814,1455.10647846814,1455.10647846814,1455.10647846814,1455.10647846814,NA,TRUE,NA,NA
IIASA GDP 2023,Austria,GDP|PPP,billion USD_2017/yr,2025,NA,528.959839653004,528.959839653004,528.959839653004,528.959839653004,528.959839653004,NA,TRUE,NA,NA
IIASA GDP 2023,Azerbaijan,GDP|PPP,billion USD_2017/yr,2025,NA,165.984342600039,165.984342600039,165.984342600039,165.984342600039,165.984342600039,NA,TRUE,NA,NA
IIASA GDP 2023,Bahamas,GDP|PPP,billion USD_2017/yr,2025,NA,14.7539251891303,14.7539251891303,14.7539251891303,14.7539251891303,14.7539251891303,NA,TRUE,NA,NA
IIASA GDP 2023,Bahrain,GDP|PPP,billion USD_2017/yr,2025,NA,83.6479249918645,83.6479249918645,83.6479249918645,83.6479249918645,83.6479249918645,NA,TRUE,NA,NA
IIASA GDP 2023,Bangladesh,GDP|PPP,billion USD_2017/yr,2025,NA,1377.56960395801,1377.56960395801,1377.56960395801,1377.56960395801,1377.56960395801,NA,TRUE,NA,NA
IIASA GDP 2023,Barbados,GDP|PPP,billion USD_2017/yr,2025,NA,4.76360632680045,4.76360632680045,4.76360632680045,4.76360632680045,4.76360632680045,NA,TRUE,NA,NA
IIASA GDP 2023,Belarus,GDP|PPP,billion USD_2017/yr,2025,NA,181.010312153658,181.010312153658,181.010312153658,181.010312153658,181.010312153658,NA,TRUE,NA,NA
IIASA GDP 2023,Belgium,GDP|PPP,billion USD_2017/yr,2025,NA,639.292101029425,639.292101029425,639.292101029425,639.292101029425,639.292101029425,NA,TRUE,NA,NA
IIASA GDP 2023,Belize,GDP|PPP,billion USD_2017/yr,2025,NA,4.18457132618583,4.18457132618583,4.18457132618583,4.18457132618583,4.18457132618583,NA,TRUE,NA,NA
IIASA GDP 2023,Benin,GDP|PPP,billion USD_2017/yr,2025,NA,54.5182165627528,54.5182165627528,54.5182165627528,54.5182165627528,54.5182165627528,NA,TRUE,NA,NA
IIASA GDP 2023,Bhutan,GDP|PPP,billion USD_2017/yr,2025,NA,9.66589411185819,9.66589411185819,9.66589411185819,9.66589411185819,9.66589411185819,NA,TRUE,NA,NA
IIASA GDP 2023,Bolivia,GDP|PPP,billion USD_2017/yr,2025,NA,106.314083359068,106.314083359068,106.314083359068,106.314083359068,106.314083359068,NA,TRUE,NA,NA
IIASA GDP 2023,Bosnia and Herzegovina,GDP|PPP,billion USD_2017/yr,2025,NA,58.7695322050768,58.7695322050768,58.7695322050768,58.7695322050768,58.7695322050768,NA,TRUE,NA,NA
IIASA GDP 2023,Botswana,GDP|PPP,billion USD_2017/yr,2025,NA,46.1822203881881,46.1822203881881,46.1822203881881,46.1822203881881,46.1822203881881,NA,TRUE,NA,NA
IIASA GDP 2023,Brazil,GDP|PPP,billion USD_2017/yr,2025,NA,3392.20226731634,3392.20226731634,3392.20226731634,3392.20226731634,3392.20226731634,NA,TRUE,NA,NA
IIASA GDP 2023,Brunei Darussalam,GDP|PPP,billion USD_2017/yr,2025,NA,29.0655958852504,29.0655958852504,29.0655958852504,29.0655958852504,29.0655958852504,NA,TRUE,NA,NA
IIASA GDP 2023,Bulgaria,GDP|PPP,billion USD_2017/yr,2025,NA,187.8609134527,187.8609134527,187.8609134527,187.8609134527,187.8609134527,NA,TRUE,NA,NA
IIASA GDP 2023,Burkina Faso,GDP|PPP,billion USD_2017/yr,2025,NA,58.2860616531115,58.2860616531115,58.2860616531115,58.2860616531115,58.2860616531115,NA,TRUE,NA,NA
IIASA GDP 2023,Burundi,GDP|PPP,billion USD_2017/yr,2025,NA,10.5909606924959,10.5909606924959,10.5909606924959,10.5909606924959,10.5909606924959,NA,TRUE,NA,NA
IIASA GDP 2023,Cabo Verde,GDP|PPP,billion USD_2017/yr,2025,NA,5.04697165351149,5.04697165351149,5.04697165351149,5.04697165351149,5.04697165351149,NA,TRUE,NA,NA
IIASA GDP 2023,Cambodia,GDP|PPP,billion USD_2017/yr,2025,NA,90.6974818978033,90.6974818978033,90.6974818978033,90.6974818978033,90.6974818978033,NA,TRUE,NA,NA
IIASA GDP 2023,Cameroon,GDP|PPP,billion USD_2017/yr,2025,NA,118.784401667742,118.784401667742,118.784401667742,118.784401667742,118.784401667742,NA,TRUE,NA,NA
IIASA GDP 2023,Canada,GDP|PPP,billion USD_2017/yr,2025,NA,2019.170471196,2019.170471196,2019.170471196,2019.170471196,2019.170471196,NA,TRUE,NA,NA
IIASA GDP 2023,Central African Republic,GDP|PPP,billion USD_2017/yr,2025,NA,5.0676651179145,5.0676651179145,5.0676651179145,5.0676651179145,5.0676651179145,NA,TRUE,NA,NA
IIASA GDP 2023,Chad,GDP|PPP,billion USD_2017/yr,2025,NA,28.0191824350029,28.0191824350029,28.0191824350029,28.0191824350029,28.0191824350029,NA,TRUE,NA,NA
IIASA GDP 2023,Chile,GDP|PPP,billion USD_2017/yr,2025,NA,505.883156545841,505.883156545841,505.883156545841,505.883156545841,505.883156545841,NA,TRUE,NA,NA
IIASA GDP 2023,China,GDP|PPP,billion USD_2017/yr,2025,NA,22283.426,22283.426,22283.426,22283.426,22283.426,NA,TRUE,NA,NA
IIASA GDP 2023,China (R9),GDP|PPP,billion USD_2017/yr,2025,NA,22822.96396957266,22822.96396957266,22822.96396957266,22822.96396957266,22822.96396957266,NA,TRUE,NA,NA
IIASA GDP 2023,China+ (R10),GDP|PPP,billion USD_2017/yr,2025,NA,25371.44304345984,25371.44304345984,25371.44304345984,25371.44304345984,25371.44304345984,NA,TRUE,NA,NA
IIASA GDP 2023,Colombia,GDP|PPP,billion USD_2017/yr,2025,NA,868.618228589418,868.618228589418,868.618228589418,868.618228589418,868.618228589418,NA,TRUE,NA,NA
IIASA GDP 2023,Comoros,GDP|PPP,billion USD_2017/yr,2025,NA,3.01945633146699,3.01945633146699,3.01945633146699,3.01945633146699,3.01945633146699,NA,TRUE,NA,NA
IIASA GDP 2023,Congo,GDP|PPP,billion USD_2017/yr,2025,NA,22.9554304483698,22.9554304483698,22.9554304483698,22.9554304483698,22.9554304483698,NA,TRUE,NA,NA
IIASA GDP 2023,Costa Rica,GDP|PPP,billion USD_2017/yr,2025,NA,121.175875529843,121.175875529843,121.175875529843,121.175875529843,121.175875529843,NA,TRUE,NA,NA
IIASA GDP 2023,Croatia,GDP|PPP,billion USD_2017/yr,2025,NA,140.003450917203,140.003450917203,140.003450917203,140.003450917203,140.003450917203,NA,TRUE,NA,NA
IIASA GDP 2023,Cyprus,GDP|PPP,billion USD_2017/yr,2025,NA,43.0416234629113,43.0416234629113,43.0416234629113,43.0416234629113,43.0416234629113,NA,TRUE,NA,NA
IIASA GDP 2023,Czechia,GDP|PPP,billion USD_2017/yr,2025,NA,462.081129318046,462.081129318046,462.081129318046,462.081129318046,462.081129318046,NA,TRUE,NA,NA
IIASA GDP 2023,Côte d'Ivoire,GDP|PPP,billion USD_2017/yr,2025,NA,188.857810972143,188.857810972143,188.857810972143,188.857810972143,188.857810972143,NA,TRUE,NA,NA
IIASA GDP 2023,Democratic Republic of the Congo,GDP|PPP,billion USD_2017/yr,2025,NA,136.66455079956,136.66455079956,136.66455079956,136.66455079956,136.66455079956,NA,TRUE,NA,NA
IIASA GDP 2023,Denmark,GDP|PPP,billion USD_2017/yr,2025,NA,361.315657463635,361.315657463635,361.315657463635,361.315657463635,361.315657463635,NA,TRUE,NA,NA
IIASA GDP 2023,Djibouti,GDP|PPP,billion USD_2017/yr,2025,NA,6.4756236837176004,6.4756236837176004,6.4756236837176004,6.4756236837176004,6.4756236837176004,NA,TRUE,NA,NA
IIASA GDP 2023,Dominican Republic,GDP|PPP,billion USD_2017/yr,2025,NA,249.716185034686,249.716185034686,249.716185034686,249.716185034686,249.716185034686,NA,TRUE,NA,NA
IIASA GDP 2023,Ecuador,GDP|PPP,billion USD_2017/yr,2025,NA,212.656797266798,212.656797266798,212.656797266798,212.656797266798,212.656797266798,NA,TRUE,NA,NA
IIASA GDP 2023,Egypt,GDP|PPP,billion USD_2017/yr,2025,NA,1630.49694392023,1630.49694392023,1630.49694392023,1630.49694392023,1630.49694392023,NA,TRUE,NA,NA
IIASA GDP 2023,El Salvador,GDP|PPP,billion USD_2017/yr,2025,NA,62.8426728334798,62.8426728334798,62.8426728334798,62.8426728334798,62.8426728334798,NA,TRUE,NA,NA
IIASA GDP 2023,Equatorial Guinea,GDP|PPP,billion USD_2017/yr,2025,NA,19.5757421653159,19.5757421653159,19.5757421653159,19.5757421653159,19.5757421653159,NA,TRUE,NA,NA
IIASA GDP 2023,Eritrea,GDP|PPP,billion USD_2017/yr,2025,NA,7.04021233485556,7.04021233485556,7.04021233485556,7.04021233485556,7.04021233485556,NA,TRUE,NA,NA
IIASA GDP 2023,Estonia,GDP|PPP,billion USD_2017/yr,2025,NA,53.8606681973858,53.8606681973858,53.8606681973858,53.8606681973858,53.8606681973858,NA,TRUE,NA,NA
IIASA GDP 2023,Eswatini,GDP|PPP,billion USD_2017/yr,2025,NA,11.4725858852963,11.4725858852963,11.4725858852963,11.4725858852963,11.4725858852963,NA,TRUE,NA,NA
IIASA GDP 2023,Ethiopia,GDP|PPP,billion USD_2017/yr,2025,NA,364.128455195493,364.128455195493,364.128455195493,364.128455195493,364.128455195493,NA,TRUE,NA,NA
IIASA GDP 2023,Europe (R10),GDP|PPP,billion USD_2017/yr,2025,NA,29214.01482401313,29214.01482401313,29214.01482401313,29214.01482401313,29214.01482401313,NA,TRUE,NA,NA
IIASA GDP 2023,European Union (R9),GDP|PPP,billion USD_2017/yr,2025,NA,21496.38350573906,21496.38350573906,21496.38350573906,21496.38350573906,21496.38350573906,NA,TRUE,NA,NA
IIASA GDP 2023,Fiji,GDP|PPP,billion USD_2017/yr,2025,NA,12.9135270098024,12.9135270098024,12.9135270098024,12.9135270098024,12.9135270098024,NA,TRUE,NA,NA
IIASA GDP 2023,Finland,GDP|PPP,billion USD_2017/yr,2025,NA,282.872594522071,282.872594522071,282.872594522071,282.872594522071,282.872594522071,NA,TRUE,NA,NA
IIASA GDP 2023,France,GDP|PPP,billion USD_2017/yr,2025,NA,3259.59509244807,3259.59509244807,3259.59509244807,3259.59509244807,3259.59509244807,NA,TRUE,NA,NA
IIASA GDP 2023,Gabon,GDP|PPP,billion USD_2017/yr,2025,NA,36.3754111664013,36.3754111664013,36.3754111664013,36.3754111664013,36.3754111664013,NA,TRUE,NA,NA
IIASA GDP 2023,Gambia,GDP|PPP,billion USD_2017/yr,2025,NA,6.79833402901597,6.79833402901597,6.79833402901597,6.79833402901597,6.79833402901597,NA,TRUE,NA,NA
IIASA GDP 2023,Georgia,GDP|PPP,billion USD_2017/yr,2025,NA,72.6148718589055,72.6148718589055,72.6148718589055,72.6148718589055,72.6148718589055,NA,TRUE,NA,NA
IIASA GDP 2023,Germany,GDP|PPP,billion USD_2017/yr,2025,NA,4667.03275848271,4667.03275848271,4667.03275848271,4667.03275848271,4667.03275848271,NA,TRUE,NA,NA
IIASA GDP 2023,Ghana,GDP|PPP,billion USD_2017/yr,2025,NA,202.044150839662,202.044150839662,202.044150839662,202.044150839662,202.044150839662,NA,TRUE,NA,NA
IIASA GDP 2023,Greece,GDP|PPP,billion USD_2017/yr,2025,NA,351.053029717688,351.053029717688,351.053029717688,351.053029717688,351.053029717688,NA,TRUE,NA,NA
IIASA GDP 2023,Grenada,GDP|PPP,billion USD_2017/yr,2025,NA,2.02204801641706,2.02204801641706,2.02204801641706,2.02204801641706,2.02204801641706,NA,TRUE,NA,NA
IIASA GDP 2023,Guatemala,GDP|PPP,billion USD_2017/yr,2025,NA,176.127286998994,176.127286998994,176.127286998994,176.127286998994,176.127286998994,NA,TRUE,NA,NA
IIASA GDP 2023,Guinea,GDP|PPP,billion USD_2017/yr,2025,NA,44.1092445420644,44.1092445420644,44.1092445420644,44.1092445420644,44.1092445420644,NA,TRUE,NA,NA
IIASA GDP 2023,Guinea-Bissau,GDP|PPP,billion USD_2017/yr,2025,NA,5.35080159759508,5.35080159759508,5.35080159759508,5.35080159759508,5.35080159759508,NA,TRUE,NA,NA
IIASA GDP 2023,Haiti,GDP|PPP,billion USD_2017/yr,2025,NA,33.2815285100113,33.2815285100113,33.2815285100113,33.2815285100113,33.2815285100113,NA,TRUE,NA,NA
IIASA GDP 2023,Honduras,GDP|PPP,billion USD_2017/yr,2025,NA,66.3333673841409,66.3333673841409,66.3333673841409,66.3333673841409,66.3333673841409,NA,TRUE,NA,NA
IIASA GDP 2023,Hong Kong,GDP|PPP,billion USD_2017/yr,2025,NA,471.694224170903,471.694224170903,471.694224170903,471.694224170903,471.694224170903,NA,TRUE,NA,NA
IIASA GDP 2023,Hungary,GDP|PPP,billion USD_2017/yr,2025,NA,371.278751225674,371.278751225674,371.278751225674,371.278751225674,371.278751225674,NA,TRUE,NA,NA
IIASA GDP 2023,Iceland,GDP|PPP,billion USD_2017/yr,2025,NA,22.6502870185014,22.6502870185014,22.6502870185014,22.6502870185014,22.6502870185014,NA,TRUE,NA,NA
IIASA GDP 2023,India,GDP|PPP,billion USD_2017/yr,2025,NA,12006.6099114987,12006.6099114987,12006.6099114987,12006.6099114987,12006.6099114987,NA,TRUE,NA,NA
IIASA GDP 2023,India (R9),GDP|PPP,billion USD_2017/yr,2025,NA,12006.6099114987,12006.6099114987,12006.6099114987,12006.6099114987,12006.6099114987,NA,TRUE,NA,NA
IIASA GDP 2023,India+ (R10),GDP|PPP,billion USD_2017/yr,2025,NA,15255.61937501685,15255.61937501685,15255.61937501685,15255.61937501685,15255.61937501685,NA,TRUE,NA,NA
IIASA GDP 2023,Indonesia,GDP|PPP,billion USD_2017/yr,2025,NA,3451.7241,3451.7241,3451.7241,3451.7241,3451.7241,NA,TRUE,NA,NA
IIASA GDP 2023,Iran,GDP|PPP,billion USD_2017/yr,2025,NA,1437.16471921122,1437.16471921122,1437.16471921122,1437.16471921122,1437.16471921122,NA,TRUE,NA,NA
IIASA GDP 2023,Iraq,GDP|PPP,billion USD_2017/yr,2025,NA,483.811357306205,483.811357306205,483.811357306205,483.811357306205,483.811357306205,NA,TRUE,NA,NA
IIASA GDP 2023,Ireland,GDP|PPP,billion USD_2017/yr,2025,NA,661.556962025926,661.556962025926,661.556962025926,661.556962025926,661.556962025926,NA,TRUE,NA,NA
IIASA GDP 2023,Israel,GDP|PPP,billion USD_2017/yr,2025,NA,464.218654823903,464.218654823903,464.218654823903,464.218654823903,464.218654823903,NA,TRUE,NA,NA
IIASA GDP 2023,Italy,GDP|PPP,billion USD_2017/yr,2025,NA,2659.36962307793,2659.36962307793,2659.36962307793,2659.36962307793,2659.36962307793,NA,TRUE,NA,NA
IIASA GDP 2023,Jamaica,GDP|PPP,billion USD_2017/yr,2025,NA,29.9504180167319,29.9504180167319,29.9504180167319,29.9504180167319,29.9504180167319,NA,TRUE,NA,NA
IIASA GDP 2023,Japan,GDP|PPP,billion USD_2017/yr,2025,NA,5351.99120175152,5351.99120175152,5351.99120175152,5351.99120175152,5351.99120175152,NA,TRUE,NA,NA
IIASA GDP 2023,Jordan,GDP|PPP,billion USD_2017/yr,2025,NA,114.730110235439,114.730110235439,114.730110235439,114.730110235439,114.730110235439,NA,TRUE,NA,NA
IIASA GDP 2023,Kazakhstan,GDP|PPP,billion USD_2017/yr,2025,NA,577.509298375532,577.509298375532,577.509298375532,577.509298375532,577.509298375532,NA,TRUE,NA,NA
IIASA GDP 2023,Kenya,GDP|PPP,billion USD_2017/yr,2025,NA,310.293106808272,310.293106808272,310.293106808272,310.293106808272,310.293106808272,NA,TRUE,NA,NA
IIASA GDP 2023,Kiribati,GDP|PPP,billion USD_2017/yr,2025,NA,0.253508946647128,0.253508946647128,0.253508946647128,0.253508946647128,0.253508946647128,NA,TRUE,NA,NA
IIASA GDP 2023,Kuwait,GDP|PPP,billion USD_2017/yr,2025,NA,223.195805537891,223.195805537891,223.195805537891,223.195805537891,223.195805537891,NA,TRUE,NA,NA
IIASA GDP 2023,Kyrgyzstan,GDP|PPP,billion USD_2017/yr,2025,NA,38.3844727521784,38.3844727521784,38.3844727521784,38.3844727521784,38.3844727521784,NA,TRUE,NA,NA
IIASA GDP 2023,Laos,GDP|PPP,billion USD_2017/yr,2025,NA,65.644306316898,65.644306316898,65.644306316898,65.644306316898,65.644306316898,NA,TRUE,NA,NA
IIASA GDP 2023,Latin America (R10),GDP|PPP,billion USD_2017/yr,2025,NA,10798.03717072564,10798.03717072564,10798.03717072564,10798.03717072564,10798.03717072564,NA,TRUE,NA,NA
IIASA GDP 2023,Latin America (R5),GDP|PPP,billion USD_2017/yr,2025,NA,10688.87307909005,10688.87307909005,10688.87307909005,10688.87307909005,10688.87307909005,NA,TRUE,NA,NA
IIASA GDP 2023,Latin America (R9),GDP|PPP,billion USD_2017/yr,2025,NA,10688.87307909005,10688.87307909005,10688.87307909005,10688.87307909005,10688.87307909005,NA,TRUE,NA,NA
IIASA GDP 2023,Latvia,GDP|PPP,billion USD_2017/yr,2025,NA,65.9260816770814,65.9260816770814,65.9260816770814,65.9260816770814,65.9260816770814,NA,TRUE,NA,NA
IIASA GDP 2023,Lebanon,GDP|PPP,billion USD_2017/yr,2025,NA,75.3907914047014,75.3907914047014,75.3907914047014,75.3907914047014,75.3907914047014,NA,TRUE,NA,NA
IIASA GDP 2023,Lesotho,GDP|PPP,billion USD_2017/yr,2025,NA,5.9455959345825,5.9455959345825,5.9455959345825,5.9455959345825,5.9455959345825,NA,TRUE,NA,NA
IIASA GDP 2023,Liberia,GDP|PPP,billion USD_2017/yr,2025,NA,8.84107442807144,8.84107442807144,8.84107442807144,8.84107442807144,8.84107442807144,NA,TRUE,NA,NA
IIASA GDP 2023,Libya,GDP|PPP,billion USD_2017/yr,2025,NA,160.523141308348,160.523141308348,160.523141308348,160.523141308348,160.523141308348,NA,TRUE,NA,NA
IIASA GDP 2023,Lithuania,GDP|PPP,billion USD_2017/yr,2025,NA,118.099813723365,118.099813723365,118.099813723365,118.099813723365,118.099813723365,NA,TRUE,NA,NA
IIASA GDP 2023,Luxembourg,GDP|PPP,billion USD_2017/yr,2025,NA,79.5948534480371,79.5948534480371,79.5948534480371,79.5948534480371,79.5948534480371,NA,TRUE,NA,NA
IIASA GDP 2023,Macao,GDP|PPP,billion USD_2017/yr,2025,NA,67.8437454017609,67.8437454017609,67.8437454017609,67.8437454017609,67.8437454017609,NA,TRUE,NA,NA
IIASA GDP 2023,Madagascar,GDP|PPP,billion USD_2017/yr,2025,NA,51.0719666851475,51.0719666851475,51.0719666851475,51.0719666851475,51.0719666851475,NA,TRUE,NA,NA
IIASA GDP 2023,Malawi,GDP|PPP,billion USD_2017/yr,2025,NA,33.4099104332771,33.4099104332771,33.4099104332771,33.4099104332771,33.4099104332771,NA,TRUE,NA,NA
IIASA GDP 2023,Malaysia,GDP|PPP,billion USD_2017/yr,2025,NA,1095.28384037636,1095.28384037636,1095.28384037636,1095.28384037636,1095.28384037636,NA,TRUE,NA,NA
IIASA GDP 2023,Maldives,GDP|PPP,billion USD_2017/yr,2025,NA,13.2677513754523,13.2677513754523,13.2677513754523,13.2677513754523,13.2677513754523,NA,TRUE,NA,NA
IIASA GDP 2023,Mali,GDP|PPP,billion USD_2017/yr,2025,NA,55.9786426495079,55.9786426495079,55.9786426495079,55.9786426495079,55.9786426495079,NA,TRUE,NA,NA
IIASA GDP 2023,Malta,GDP|PPP,billion USD_2017/yr,2025,NA,28.4090943341889,28.4090943341889,28.4090943341889,28.4090943341889,28.4090943341889,NA,TRUE,NA,NA
IIASA GDP 2023,Mauritania,GDP|PPP,billion USD_2017/yr,2025,NA,30.0654149644795,30.0654149644795,30.0654149644795,30.0654149644795,30.0654149644795,NA,TRUE,NA,NA
IIASA GDP 2023,Mauritius,GDP|PPP,billion USD_2017/yr,2025,NA,32.3692876386321,32.3692876386321,32.3692876386321,32.3692876386321,32.3692876386321,NA,TRUE,NA,NA
IIASA GDP 2023,Mexico,GDP|PPP,billion USD_2017/yr,2025,NA,2639.13542053343,2639.13542053343,2639.13542053343,2639.13542053343,2639.13542053343,NA,TRUE,NA,NA
IIASA GDP 2023,Micronesia,GDP|PPP,billion USD_2017/yr,2025,NA,0.351408271704047,0.351408271704047,0.351408271704047,0.351408271704047,0.351408271704047,NA,TRUE,NA,NA
IIASA GDP 2023,Middle East & Africa (R5),GDP|PPP,billion USD_2017/yr,2025,NA,14253.11698257451,14253.11698257451,14253.11698257451,14253.11698257451,14253.11698257451,NA,TRUE,NA,NA
IIASA GDP 2023,Middle East & Africa (R9),GDP|PPP,billion USD_2017/yr,2025,NA,14253.11698257451,14253.11698257451,14253.11698257451,14253.11698257451,14253.11698257451,NA,TRUE,NA,NA
IIASA GDP 2023,Middle East (R10),GDP|PPP,billion USD_2017/yr,2025,NA,6347.594184294956,6347.594184294956,6347.594184294956,6347.594184294956,6347.594184294956,NA,TRUE,NA,NA
IIASA GDP 2023,Moldova,GDP|PPP,billion USD_2017/yr,2025,NA,37.5417461170246,37.5417461170246,37.5417461170246,37.5417461170246,37.5417461170246,NA,TRUE,NA,NA
IIASA GDP 2023,Mongolia,GDP|PPP,billion USD_2017/yr,2025,NA,47.8621523477306,47.8621523477306,47.8621523477306,47.8621523477306,47.8621523477306,NA,TRUE,NA,NA
IIASA GDP 2023,Montenegro,GDP|PPP,billion USD_2017/yr,2025,NA,14.9551865290612,14.9551865290612,14.9551865290612,14.9551865290612,14.9551865290612,NA,TRUE,NA,NA
IIASA GDP 2023,Morocco,GDP|PPP,billion USD_2017/yr,2025,NA,335.887979671586,335.887979671586,335.887979671586,335.887979671586,335.887979671586,NA,TRUE,NA,NA
IIASA GDP 2023,Mozambique,GDP|PPP,billion USD_2017/yr,2025,NA,48.9487475545762,48.9487475545762,48.9487475545762,48.9487475545762,48.9487475545762,NA,TRUE,NA,NA
IIASA GDP 2023,Myanmar,GDP|PPP,billion USD_2017/yr,2025,NA,238.776552914578,238.776552914578,238.776552914578,238.776552914578,238.776552914578,NA,TRUE,NA,NA
IIASA GDP 2023,Namibia,GDP|PPP,billion USD_2017/yr,2025,NA,25.9697072800231,25.9697072800231,25.9697072800231,25.9697072800231,25.9697072800231,NA,TRUE,NA,NA
IIASA GDP 2023,Nepal,GDP|PPP,billion USD_2017/yr,2025,NA,140.575475105776,140.575475105776,140.575475105776,140.575475105776,140.575475105776,NA,TRUE,NA,NA
IIASA GDP 2023,Netherlands,GDP|PPP,billion USD_2017/yr,2025,NA,1082.42209751997,1082.42209751997,1082.42209751997,1082.42209751997,1082.42209751997,NA,TRUE,NA,NA
IIASA GDP 2023,New Zealand,GDP|PPP,billion USD_2017/yr,2025,NA,235.055202726274,235.055202726274,235.055202726274,235.055202726274,235.055202726274,NA,TRUE,NA,NA
IIASA GDP 2023,Nicaragua,GDP|PPP,billion USD_2017/yr,2025,NA,44.2434675830559,44.2434675830559,44.2434675830559,44.2434675830559,44.2434675830559,NA,TRUE,NA,NA
IIASA GDP 2023,Niger,GDP|PPP,billion USD_2017/yr,2025,NA,42.6123239943194,42.6123239943194,42.6123239943194,42.6123239943194,42.6123239943194,NA,TRUE,NA,NA
IIASA GDP 2023,Nigeria,GDP|PPP,billion USD_2017/yr,2025,NA,1187.62697833403,1187.62697833403,1187.62697833403,1187.62697833403,1187.62697833403,NA,TRUE,NA,NA
IIASA GDP 2023,North America (R10),GDP|PPP,billion USD_2017/yr,2025,NA,24548.3800377744,24548.3800377744,24548.3800377744,24548.3800377744,24548.3800377744,NA,TRUE,NA,NA
IIASA GDP 2023,North Macedonia,GDP|PPP,billion USD_2017/yr,2025,NA,38.3480561789904,38.3480561789904,38.3480561789904,38.3480561789904,38.3480561789904,NA,TRUE,NA,NA
IIASA GDP 2023,Norway,GDP|PPP,billion USD_2017/yr,2025,NA,385.855286006426,385.855286006426,385.855286006426,385.855286006426,385.855286006426,NA,TRUE,NA,NA
IIASA GDP 2023,OECD & EU (R5),GDP|PPP,billion USD_2017/yr,2025,NA,60913.71183636905,60913.71183636905,60913.71183636905,60913.71183636905,60913.71183636905,NA,TRUE,NA,NA
IIASA GDP 2023,Oman,GDP|PPP,billion USD_2017/yr,2025,NA,176.86736837196,176.86736837196,176.86736837196,176.86736837196,176.86736837196,NA,TRUE,NA,NA
IIASA GDP 2023,Other Asia (R9),GDP|PPP,billion USD_2017/yr,2025,NA,16856.89060774203,16856.89060774203,16856.89060774203,16856.89060774203,16856.89060774203,NA,TRUE,NA,NA
IIASA GDP 2023,Other OECD (R9),GDP|PPP,billion USD_2017/yr,2025,NA,16888.11876405159,16888.11876405159,16888.11876405159,16888.11876405159,16888.11876405159,NA,TRUE,NA,NA
IIASA GDP 2023,Pacific OECD (R10),GDP|PPP,billion USD_2017/yr,2025,NA,7042.152882945934,7042.152882945934,7042.152882945934,7042.152882945934,7042.152882945934,NA,TRUE,NA,NA
IIASA GDP 2023,Pakistan,GDP|PPP,billion USD_2017/yr,2025,NA,1395.66078099173,1395.66078099173,1395.66078099173,1395.66078099173,1395.66078099173,NA,TRUE,NA,NA
IIASA GDP 2023,Palestine,GDP|PPP,billion USD_2017/yr,2025,NA,32.6890723878529,32.6890723878529,32.6890723878529,32.6890723878529,32.6890723878529,NA,TRUE,NA,NA
IIASA GDP 2023,Panama,GDP|PPP,billion USD_2017/yr,2025,NA,157.844493567714,157.844493567714,157.844493567714,157.844493567714,157.844493567714,NA,TRUE,NA,NA
IIASA GDP 2023,Papua New Guinea,GDP|PPP,billion USD_2017/yr,2025,NA,37.0469882401036,37.0469882401036,37.0469882401036,37.0469882401036,37.0469882401036,NA,TRUE,NA,NA
IIASA GDP 2023,Paraguay,GDP|PPP,billion USD_2017/yr,2025,NA,102.838449065189,102.838449065189,102.838449065189,102.838449065189,102.838449065189,NA,TRUE,NA,NA
IIASA GDP 2023,Peru,GDP|PPP,billion USD_2017/yr,2025,NA,481.750150671463,481.750150671463,481.750150671463,481.750150671463,481.750150671463,NA,TRUE,NA,NA
IIASA GDP 2023,Philippines,GDP|PPP,billion USD_2017/yr,2025,NA,1180.64805373717,1180.64805373717,1180.64805373717,1180.64805373717,1180.64805373717,NA,TRUE,NA,NA
IIASA GDP 2023,Poland,GDP|PPP,billion USD_2017/yr,2025,NA,1477.21268765591,1477.21268765591,1477.21268765591,1477.21268765591,1477.21268765591,NA,TRUE,NA,NA
IIASA GDP 2023,Portugal,GDP|PPP,billion USD_2017/yr,2025,NA,389.803229677983,389.803229677983,389.803229677983,389.803229677983,389.803229677983,NA,TRUE,NA,NA
IIASA GDP 2023,Puerto Rico,GDP|PPP,billion USD_2017/yr,2025,NA,109.164091635592,109.164091635592,109.164091635592,109.164091635592,109.164091635592,NA,TRUE,NA,NA
IIASA GDP 2023,Qatar,GDP|PPP,billion USD_2017/yr,2025,NA,280.489036712632,280.489036712632,280.489036712632,280.489036712632,280.489036712632,NA,TRUE,NA,NA
IIASA GDP 2023,Reforming Economies (R10),GDP|PPP,billion USD_2017/yr,2025,NA,6178.24960841963,6178.24960841963,6178.24960841963,6178.24960841963,6178.24960841963,NA,TRUE,NA,NA
IIASA GDP 2023,Reforming Economies (R5),GDP|PPP,billion USD_2017/yr,2025,NA,6178.24960841963,6178.24960841963,6178.24960841963,6178.24960841963,6178.24960841963,NA,TRUE,NA,NA
IIASA GDP 2023,Reforming Economies (R9),GDP|PPP,billion USD_2017/yr,2025,NA,6178.24960841963,6178.24960841963,6178.24960841963,6178.24960841963,6178.24960841963,NA,TRUE,NA,NA
IIASA GDP 2023,Rest of Asia (R10),GDP|PPP,billion USD_2017/yr,2025,NA,11059.40207033669,11059.40207033669,11059.40207033669,11059.40207033669,11059.40207033669,NA,TRUE,NA,NA
IIASA GDP 2023,Romania,GDP|PPP,billion USD_2017/yr,2025,NA,687.654092217838,687.654092217838,687.654092217838,687.654092217838,687.654092217838,NA,TRUE,NA,NA
IIASA GDP 2023,Russian Federation,GDP|PPP,billion USD_2017/yr,2025,NA,4162.90703799802,4162.90703799802,4162.90703799802,4162.90703799802,4162.90703799802,NA,TRUE,NA,NA
IIASA GDP 2023,Rwanda,GDP|PPP,billion USD_2017/yr,2025,NA,39.4835810209948,39.4835810209948,39.4835810209948,39.4835810209948,39.4835810209948,NA,TRUE,NA,NA
IIASA GDP 2023,Saint Lucia,GDP|PPP,billion USD_2017/yr,2025,NA,2.89214798076083,2.89214798076083,2.89214798076083,2.89214798076083,2.89214798076083,NA,TRUE,NA,NA
IIASA GDP 2023,Saint Vincent and the Grenadines,GDP|PPP,billion USD_2017/yr,2025,NA,1.75767255636222,1.75767255636222,1.75767255636222,1.75767255636222,1.75767255636222,NA,TRUE,NA,NA
IIASA GDP 2023,Samoa,GDP|PPP,billion USD_2017/yr,2025,NA,1.11882767811139,1.11882767811139,1.11882767811139,1.11882767811139,1.11882767811139,NA,TRUE,NA,NA
IIASA GDP 2023,Sao Tome and Principe,GDP|PPP,billion USD_2017/yr,2025,NA,0.9760928942168381,0.9760928942168381,0.9760928942168381,0.9760928942168381,0.9760928942168381,NA,TRUE,NA,NA
IIASA GDP 2023,Saudi Arabia,GDP|PPP,billion USD_2017/yr,2025,NA,1993.35008107682,1993.35008107682,1993.35008107682,1993.35008107682,1993.35008107682,NA,TRUE,NA,NA
IIASA GDP 2023,Senegal,GDP|PPP,billion USD_2017/yr,2025,NA,77.5793629353977,77.5793629353977,77.5793629353977,77.5793629353977,77.5793629353977,NA,TRUE,NA,NA
IIASA GDP 2023,Serbia,GDP|PPP,billion USD_2017/yr,2025,NA,152.217613021804,152.217613021804,152.217613021804,152.217613021804,152.217613021804,NA,TRUE,NA,NA
IIASA GDP 2023,Seychelles,GDP|PPP,billion USD_2017/yr,2025,NA,3.48167946696396,3.48167946696396,3.48167946696396,3.48167946696396,3.48167946696396,NA,TRUE,NA,NA
IIASA GDP 2023,Sierra Leone,GDP|PPP,billion USD_2017/yr,2025,NA,15.8823751048985,15.8823751048985,15.8823751048985,15.8823751048985,15.8823751048985,NA,TRUE,NA,NA
IIASA GDP 2023,Singapore,GDP|PPP,billion USD_2017/yr,2025,NA,646.864231208372,646.864231208372,646.864231208372,646.864231208372,646.864231208372,NA,TRUE,NA,NA
IIASA GDP 2023,Slovakia,GDP|PPP,billion USD_2017/yr,2025,NA,194.572108078021,194.572108078021,194.572108078021,194.572108078021,194.572108078021,NA,TRUE,NA,NA
IIASA GDP 2023,Slovenia,GDP|PPP,billion USD_2017/yr,2025,NA,95.2730361495822,95.2730361495822,95.2730361495822,95.2730361495822,95.2730361495822,NA,TRUE,NA,NA
IIASA GDP 2023,Solomon Islands,GDP|PPP,billion USD_2017/yr,2025,NA,1.53731055501661,1.53731055501661,1.53731055501661,1.53731055501661,1.53731055501661,NA,TRUE,NA,NA
IIASA GDP 2023,Somalia,GDP|PPP,billion USD_2017/yr,2025,NA,19.3836328828507,19.3836328828507,19.3836328828507,19.3836328828507,19.3836328828507,NA,TRUE,NA,NA
IIASA GDP 2023,South Africa,GDP|PPP,billion USD_2017/yr,2025,NA,835.494537499221,835.494537499221,835.494537499221,835.494537499221,835.494537499221,NA,TRUE,NA,NA
IIASA GDP 2023,South Korea,GDP|PPP,billion USD_2017/yr,2025,NA,2500.61692153945,2500.61692153945,2500.61692153945,2500.61692153945,2500.61692153945,NA,TRUE,NA,NA
IIASA GDP 2023,South Sudan,GDP|PPP,billion USD_2017/yr,2025,NA,6.91269572631045,6.91269572631045,6.91269572631045,6.91269572631045,6.91269572631045,NA,TRUE,NA,NA
IIASA GDP 2023,Spain,GDP|PPP,billion USD_2017/yr,2025,NA,2006.039814467,2006.039814467,2006.039814467,2006.039814467,2006.039814467,NA,TRUE,NA,NA
IIASA GDP 2023,Sri Lanka,GDP|PPP,billion USD_2017/yr,2025,NA,273.493735420331,273.493735420331,273.493735420331,273.493735420331,273.493735420331,NA,TRUE,NA,NA
IIASA GDP 2023,Sudan,GDP|PPP,billion USD_2017/yr,2025,NA,184.796791175529,184.796791175529,184.796791175529,184.796791175529,184.796791175529,NA,TRUE,NA,NA
IIASA GDP 2023,Suriname,GDP|PPP,billion USD_2017/yr,2025,NA,9.95379239833108,9.95379239833108,9.95379239833108,9.95379239833108,9.95379239833108,NA,TRUE,NA,NA
IIASA GDP 2023,Sweden,GDP|PPP,billion USD_2017/yr,2025,NA,602.202401795705,602.202401795705,602.202401795705,602.202401795705,602.202401795705,NA,TRUE,NA,NA
IIASA GDP 2023,Switzerland,GDP|PPP,billion USD_2017/yr,2025,NA,650.854584532633,650.854584532633,650.854584532633,650.854584532633,650.854584532633,NA,TRUE,NA,NA
IIASA GDP 2023,Syria,GDP|PPP,billion USD_2017/yr,2025,NA,135.39350859375,135.39350859375,135.39350859375,135.39350859375,135.39350859375,NA,TRUE,NA,NA
IIASA GDP 2023,Taiwan,GDP|PPP,billion USD_2017/yr,2025,NA,1463.0162317423,1463.0162317423,1463.0162317423,1463.0162317423,1463.0162317423,NA,TRUE,NA,NA
IIASA GDP 2023,Tajikistan,GDP|PPP,billion USD_2017/yr,2025,NA,46.9848557668437,46.9848557668437,46.9848557668437,46.9848557668437,46.9848557668437,NA,TRUE,NA,NA
IIASA GDP 2023,Tanzania,GDP|PPP,billion USD_2017/yr,2025,NA,210.166250146719,210.166250146719,210.166250146719,210.166250146719,210.166250146719,NA,TRUE,NA,NA
IIASA GDP 2023,Thailand,GDP|PPP,billion USD_2017/yr,2025,NA,1388.75139405796,1388.75139405796,1388.75139405796,1388.75139405796,1388.75139405796,NA,TRUE,NA,NA
IIASA GDP 2023,Timor-Leste,GDP|PPP,billion USD_2017/yr,2025,NA,4.1876005699281,4.1876005699281,4.1876005699281,4.1876005699281,4.1876005699281,NA,TRUE,NA,NA
IIASA GDP 2023,Togo,GDP|PPP,billion USD_2017/yr,2025,NA,22.7330731652276,22.7330731652276,22.7330731652276,22.7330731652276,22.7330731652276,NA,TRUE,NA,NA
IIASA GDP 2023,Tonga,GDP|PPP,billion USD_2017/yr,2025,NA,0.612315349051986,0.612315349051986,0.612315349051986,0.612315349051986,0.612315349051986,NA,TRUE,NA,NA
IIASA GDP 2023,Trinidad and Tobago,GDP|PPP,billion USD_2017/yr,2025,NA,39.0624957226148,39.0624957226148,39.0624957226148,39.0624957226148,39.0624957226148,NA,TRUE,NA,NA
IIASA GDP 2023,Tunisia,GDP|PPP,billion USD_2017/yr,2025,NA,138.067684081033,138.067684081033,138.067684081033,138.067684081033,138.067684081033,NA,TRUE,NA,NA
IIASA GDP 2023,Turkey,GDP|PPP,billion USD_2017/yr,2025,NA,3109.770705833,3109.770705833,3109.770705833,3109.770705833,3109.770705833,NA,TRUE,NA,NA
IIASA GDP 2023,Turkmenistan,GDP|PPP,billion USD_2017/yr,2025,NA,108.025968709838,108.025968709838,108.025968709838,108.025968709838,108.025968709838,NA,TRUE,NA,NA
IIASA GDP 2023,USA (R9),GDP|PPP,billion USD_2017/yr,2025,NA,22529.2095665784,22529.2095665784,22529.2095665784,22529.2095665784,22529.2095665784,NA,TRUE,NA,NA
IIASA GDP 2023,Uganda,GDP|PPP,billion USD_2017/yr,2025,NA,134.64958420613,134.64958420613,134.64958420613,134.64958420613,134.64958420613,NA,TRUE,NA,NA
IIASA GDP 2023,Ukraine,GDP|PPP,billion USD_2017/yr,2025,NA,398.503477286996,398.503477286996,398.503477286996,398.503477286996,398.503477286996,NA,TRUE,NA,NA
IIASA GDP 2023,United Arab Emirates,GDP|PPP,billion USD_2017/yr,2025,NA,784.698183913743,784.698183913743,784.698183913743,784.698183913743,784.698183913743,NA,TRUE,NA,NA
IIASA GDP 2023,United Kingdom,GDP|PPP,billion USD_2017/yr,2025,NA,3236.79899188594,3236.79899188594,3236.79899188594,3236.79899188594,3236.79899188594,NA,TRUE,NA,NA
IIASA GDP 2023,United States,GDP|PPP,billion USD_2017/yr,2025,NA,22529.2095665784,22529.2095665784,22529.2095665784,22529.2095665784,22529.2095665784,NA,TRUE,NA,NA
IIASA GDP 2023,Uruguay,GDP|PPP,billion USD_2017/yr,2025,NA,88.2714053305311,88.2714053305311,88.2714053305311,88.2714053305311,88.2714053305311,NA,TRUE,NA,NA
IIASA GDP 2023,Uzbekistan,GDP|PPP,billion USD_2017/yr,2025,NA,337.097835168504,337.097835168504,337.097835168504,337.097835168504,337.097835168504,NA,TRUE,NA,NA
IIASA GDP 2023,Vanuatu,GDP|PPP,billion USD_2017/yr,2025,NA,0.879309531432609,0.879309531432609,0.879309531432609,0.879309531432609,0.879309531432609,NA,TRUE,NA,NA
IIASA GDP 2023,Venezuela,GDP|PPP,billion USD_2017/yr,2025,NA,181.623203006816,181.623203006816,181.623203006816,181.623203006816,181.623203006816,NA,TRUE,NA,NA
IIASA GDP 2023,Viet Nam,GDP|PPP,billion USD_2017/yr,2025,NA,1350.0294860482,1350.0294860482,1350.0294860482,1350.0294860482,1350.0294860482,NA,TRUE,NA,NA
IIASA GDP 2023,World,GDP|PPP,billion USD_2017/yr,2025,NA,143720.4159952666,143720.4159952666,143720.4159952666,143720.4159952666,143720.4159952666,NA,TRUE,NA,NA
IIASA GDP 2023,Yemen,GDP|PPP,billion USD_2017/yr,2025,NA,61.9475697269741,61.9475697269741,61.9475697269741,61.9475697269741,61.9475697269741,NA,TRUE,NA,NA
IIASA GDP 2023,Zambia,GDP|PPP,billion USD_2017/yr,2025,NA,73.7984637411846,73.7984637411846,73.7984637411846,73.7984637411846,73.7984637411846,NA,TRUE,NA,NA
IIASA GDP 2023,Zimbabwe,GDP|PPP,billion USD_2017/yr,2025,NA,36.5137679630562,36.5137679630562,36.5137679630562,36.5137679630562,36.5137679630562,NA,TRUE,NA,NA
