scenario,iso,region,IIASA-WiC POP 2023|Population,OECD ENV-Growth 2023|GDP|PPP,IIASA GDP 2023|GDP|PPP
Historical Reference,AFG,Afghanistan,yes,NA,NA
Historical Reference,ALB,Albania,yes,yes,NA
Historical Reference,DZA,Algeria,yes,yes,NA
Historical Reference,AGO,Angola,yes,yes,NA
Historical Reference,ATG,Antigua and Barbuda,yes,yes,NA
Historical Reference,ARG,Argentina,yes,yes,NA
Historical Reference,ARM,Armenia,yes,yes,NA
Historical Reference,ABW,Aruba,yes,yes,NA
Historical Reference,AUS,Australia,yes,yes,NA
Historical Reference,AUT,Austria,yes,yes,NA
Historical Reference,AZE,Azerbaijan,yes,yes,NA
Historical Reference,BHS,Bahamas,yes,yes,NA
Historical Reference,BHR,Bahrain,yes,yes,NA
Historical Reference,BGD,Bangladesh,yes,yes,NA
Historical Reference,BRB,Barbados,yes,yes,NA
Historical Reference,BLR,Belarus,yes,yes,NA
Historical Reference,BEL,Belgium,yes,yes,NA
Historical Reference,BLZ,Belize,yes,yes,NA
Historical Reference,BEN,Benin,yes,yes,NA
Historical Reference,BTN,Bhutan,yes,yes,NA
Historical Reference,BOL,Bolivia,yes,yes,NA
Historical Reference,BIH,Bosnia and Herzegovina,yes,yes,NA
Historical Reference,BWA,Botswana,yes,yes,NA
Historical Reference,BRA,Brazil,yes,yes,NA
Historical Reference,BRN,Brunei Darussalam,yes,yes,NA
Historical Reference,BGR,Bulgaria,yes,yes,NA
Historical Reference,BFA,Burkina Faso,yes,yes,NA
Historical Reference,BDI,Burundi,yes,yes,NA
Historical Reference,CPV,Cabo Verde,yes,yes,NA
Historical Reference,KHM,Cambodia,yes,yes,NA
Historical Reference,CMR,Cameroon,yes,yes,NA
Historical Reference,CAN,Canada,yes,yes,NA
Historical Reference,CAF,Central African Republic,yes,yes,NA
Historical Reference,TCD,Chad,yes,yes,NA
Historical Reference,CHL,Chile,yes,yes,NA
Historical Reference,CHN,China,yes,yes,NA
Historical Reference,COL,Colombia,yes,yes,NA
Historical Reference,COM,Comoros,yes,yes,NA
Historical Reference,COG,Congo,yes,yes,NA
Historical Reference,CRI,Costa Rica,yes,yes,NA
Historical Reference,HRV,Croatia,yes,yes,NA
Historical Reference,CUB,Cuba,yes,yes,NA
Historical Reference,CUW,Curaçao,yes,NA,NA
Historical Reference,CYP,Cyprus,yes,yes,NA
Historical Reference,CZE,Czechia,yes,yes,NA
Historical Reference,CIV,Côte d'Ivoire,yes,yes,NA
Historical Reference,COD,Democratic Republic of the Congo,yes,yes,NA
Historical Reference,DNK,Denmark,yes,yes,NA
Historical Reference,DJI,Djibouti,yes,yes,NA
Historical Reference,DOM,Dominican Republic,yes,yes,NA
Historical Reference,ECU,Ecuador,yes,yes,NA
Historical Reference,EGY,Egypt,yes,yes,NA
Historical Reference,SLV,El Salvador,yes,yes,NA
Historical Reference,GNQ,Equatorial Guinea,yes,yes,NA
Historical Reference,ERI,Eritrea,yes,yes,NA
Historical Reference,EST,Estonia,yes,yes,NA
Historical Reference,SWZ,Eswatini,yes,yes,NA
Historical Reference,ETH,Ethiopia,yes,yes,NA
Historical Reference,FJI,Fiji,yes,yes,NA
Historical Reference,FIN,Finland,yes,yes,NA
Historical Reference,FRA,France,yes,yes,NA
Historical Reference,GUF,French Guiana,yes,yes,NA
Historical Reference,PYF,French Polynesia,yes,yes,NA
Historical Reference,GAB,Gabon,yes,yes,NA
Historical Reference,GMB,Gambia,yes,yes,NA
Historical Reference,GEO,Georgia,yes,yes,NA
Historical Reference,DEU,Germany,yes,yes,NA
Historical Reference,GHA,Ghana,yes,yes,NA
Historical Reference,GRC,Greece,yes,yes,NA
Historical Reference,GRD,Grenada,yes,yes,NA
Historical Reference,GLP,Guadeloupe,yes,NA,NA
Historical Reference,GUM,Guam,yes,yes,NA
Historical Reference,GTM,Guatemala,yes,yes,NA
Historical Reference,GIN,Guinea,yes,yes,NA
Historical Reference,GNB,Guinea-Bissau,yes,yes,NA
Historical Reference,GUY,Guyana,yes,yes,NA
Historical Reference,HTI,Haiti,yes,yes,NA
Historical Reference,HND,Honduras,yes,yes,NA
Historical Reference,HKG,Hong Kong,yes,yes,NA
Historical Reference,HUN,Hungary,yes,yes,NA
Historical Reference,ISL,Iceland,yes,yes,NA
Historical Reference,IND,India,yes,yes,NA
Historical Reference,IDN,Indonesia,yes,yes,NA
Historical Reference,IRN,Iran,yes,yes,NA
Historical Reference,IRQ,Iraq,yes,yes,NA
Historical Reference,IRL,Ireland,yes,yes,NA
Historical Reference,ISR,Israel,yes,yes,NA
Historical Reference,ITA,Italy,yes,yes,NA
Historical Reference,JAM,Jamaica,yes,yes,NA
Historical Reference,JPN,Japan,yes,yes,NA
Historical Reference,JOR,Jordan,yes,yes,NA
Historical Reference,KAZ,Kazakhstan,yes,yes,NA
Historical Reference,KEN,Kenya,yes,yes,NA
Historical Reference,KIR,Kiribati,yes,yes,NA
Historical Reference,KWT,Kuwait,yes,yes,NA
Historical Reference,KGZ,Kyrgyzstan,yes,yes,NA
Historical Reference,LAO,Laos,yes,yes,NA
Historical Reference,LVA,Latvia,yes,yes,NA
Historical Reference,LBN,Lebanon,yes,yes,NA
Historical Reference,LSO,Lesotho,yes,yes,NA
Historical Reference,LBR,Liberia,yes,yes,NA
Historical Reference,LBY,Libya,yes,yes,NA
Historical Reference,LTU,Lithuania,yes,yes,NA
Historical Reference,LUX,Luxembourg,yes,yes,NA
Historical Reference,MAC,Macao,yes,yes,NA
Historical Reference,MDG,Madagascar,yes,yes,NA
Historical Reference,MWI,Malawi,yes,yes,NA
Historical Reference,MYS,Malaysia,yes,yes,NA
Historical Reference,MDV,Maldives,yes,yes,NA
Historical Reference,MLI,Mali,yes,yes,NA
Historical Reference,MLT,Malta,yes,yes,NA
Historical Reference,MTQ,Martinique,yes,NA,NA
Historical Reference,MRT,Mauritania,yes,yes,NA
Historical Reference,MUS,Mauritius,yes,yes,NA
Historical Reference,MYT,Mayotte,yes,yes,NA
Historical Reference,MEX,Mexico,yes,yes,NA
Historical Reference,FSM,Micronesia (Federated States of),yes,yes,NA
Historical Reference,MDA,Moldova,yes,yes,NA
Historical Reference,MNG,Mongolia,yes,yes,NA
Historical Reference,MNE,Montenegro,yes,yes,NA
Historical Reference,MAR,Morocco,yes,yes,NA
Historical Reference,MOZ,Mozambique,yes,yes,NA
Historical Reference,MMR,Myanmar,yes,yes,NA
Historical Reference,NAM,Namibia,yes,yes,NA
Historical Reference,NPL,Nepal,yes,yes,NA
Historical Reference,NLD,Netherlands,yes,yes,NA
Historical Reference,NCL,New Caledonia,yes,yes,NA
Historical Reference,NZL,New Zealand,yes,yes,NA
Historical Reference,NIC,Nicaragua,yes,yes,NA
Historical Reference,NER,Niger,yes,yes,NA
Historical Reference,NGA,Nigeria,yes,yes,NA
Historical Reference,PRK,North Korea,yes,yes,NA
Historical Reference,MKD,North Macedonia,yes,yes,NA
Historical Reference,NOR,Norway,yes,yes,NA
Historical Reference,OMN,Oman,yes,yes,NA
Historical Reference,PAK,Pakistan,yes,yes,NA
Historical Reference,PSE,Palestine,yes,NA,NA
Historical Reference,PAN,Panama,yes,yes,NA
Historical Reference,PNG,Papua New Guinea,yes,yes,NA
Historical Reference,PRY,Paraguay,yes,yes,NA
Historical Reference,PER,Peru,yes,yes,NA
Historical Reference,PHL,Philippines,yes,yes,NA
Historical Reference,POL,Poland,yes,yes,NA
Historical Reference,PRT,Portugal,yes,yes,NA
Historical Reference,PRI,Puerto Rico,yes,yes,NA
Historical Reference,QAT,Qatar,yes,yes,NA
Historical Reference,ROU,Romania,yes,yes,NA
Historical Reference,RUS,Russian Federation,yes,yes,NA
Historical Reference,RWA,Rwanda,yes,yes,NA
Historical Reference,REU,Réunion,yes,NA,NA
Historical Reference,LCA,Saint Lucia,yes,yes,NA
Historical Reference,VCT,Saint Vincent and the Grenadines,yes,yes,NA
Historical Reference,WSM,Samoa,yes,yes,NA
Historical Reference,STP,Sao Tome and Principe,yes,yes,NA
Historical Reference,SAU,Saudi Arabia,yes,yes,NA
Historical Reference,SEN,Senegal,yes,yes,NA
Historical Reference,SRB,Serbia,yes,yes,NA
Historical Reference,SYC,Seychelles,yes,yes,NA
Historical Reference,SLE,Sierra Leone,yes,yes,NA
Historical Reference,SGP,Singapore,yes,yes,NA
Historical Reference,SVK,Slovakia,yes,yes,NA
Historical Reference,SVN,Slovenia,yes,yes,NA
Historical Reference,SLB,Solomon Islands,yes,yes,NA
Historical Reference,SOM,Somalia,yes,yes,NA
Historical Reference,ZAF,South Africa,yes,yes,NA
Historical Reference,KOR,South Korea,yes,yes,NA
Historical Reference,SSD,South Sudan,yes,yes,NA
Historical Reference,ESP,Spain,yes,yes,NA
Historical Reference,LKA,Sri Lanka,yes,yes,NA
Historical Reference,SDN,Sudan,yes,yes,NA
Historical Reference,SUR,Suriname,yes,yes,NA
Historical Reference,SWE,Sweden,yes,yes,NA
Historical Reference,CHE,Switzerland,yes,yes,NA
Historical Reference,SYR,Syria,yes,NA,NA
Historical Reference,TWN,Taiwan,yes,yes,NA
Historical Reference,TJK,Tajikistan,yes,yes,NA
Historical Reference,TZA,Tanzania,yes,yes,NA
Historical Reference,THA,Thailand,yes,yes,NA
Historical Reference,TLS,Timor-Leste,yes,yes,NA
Historical Reference,TGO,Togo,yes,yes,NA
Historical Reference,TON,Tonga,yes,yes,NA
Historical Reference,TTO,Trinidad and Tobago,yes,yes,NA
Historical Reference,TUN,Tunisia,yes,yes,NA
Historical Reference,TUR,Turkey,yes,yes,NA
Historical Reference,TKM,Turkmenistan,yes,yes,NA
Historical Reference,UGA,Uganda,yes,yes,NA
Historical Reference,UKR,Ukraine,yes,yes,NA
Historical Reference,ARE,United Arab Emirates,yes,yes,NA
Historical Reference,GBR,United Kingdom,yes,yes,NA
Historical Reference,USA,United States,yes,yes,NA
Historical Reference,VIR,United States Virgin Islands,yes,yes,NA
Historical Reference,URY,Uruguay,yes,yes,NA
Historical Reference,UZB,Uzbekistan,yes,yes,NA
Historical Reference,VUT,Vanuatu,yes,yes,NA
Historical Reference,VEN,Venezuela,yes,NA,NA
Historical Reference,VNM,Viet Nam,yes,yes,NA
Historical Reference,ESH,Western Sahara,yes,yes,NA
Historical Reference,YEM,Yemen,yes,yes,NA
Historical Reference,ZMB,Zambia,yes,yes,NA
Historical Reference,ZWE,Zimbabwe,yes,yes,NA
SSP1,AFG,Afghanistan,yes,NA,yes
SSP1,ALB,Albania,yes,yes,yes
SSP1,DZA,Algeria,yes,yes,yes
SSP1,AGO,Angola,yes,yes,yes
SSP1,ATG,Antigua and Barbuda,yes,yes,yes
SSP1,ARG,Argentina,yes,yes,yes
SSP1,ARM,Armenia,yes,yes,yes
SSP1,ABW,Aruba,yes,yes,yes
SSP1,AUS,Australia,yes,yes,yes
SSP1,AUT,Austria,yes,yes,yes
SSP1,AZE,Azerbaijan,yes,yes,yes
SSP1,BHS,Bahamas,yes,yes,yes
SSP1,BHR,Bahrain,yes,yes,yes
SSP1,BGD,Bangladesh,yes,yes,yes
SSP1,BRB,Barbados,yes,yes,yes
SSP1,BLR,Belarus,yes,yes,yes
SSP1,BEL,Belgium,yes,yes,yes
SSP1,BLZ,Belize,yes,yes,yes
SSP1,BEN,Benin,yes,yes,yes
SSP1,BTN,Bhutan,yes,yes,yes
SSP1,BOL,Bolivia,yes,yes,yes
SSP1,BIH,Bosnia and Herzegovina,yes,yes,yes
SSP1,BWA,Botswana,yes,yes,yes
SSP1,BRA,Brazil,yes,yes,yes
SSP1,BRN,Brunei Darussalam,yes,yes,yes
SSP1,BGR,Bulgaria,yes,yes,yes
SSP1,BFA,Burkina Faso,yes,yes,yes
SSP1,BDI,Burundi,yes,yes,yes
SSP1,CPV,Cabo Verde,yes,yes,yes
SSP1,KHM,Cambodia,yes,yes,yes
SSP1,CMR,Cameroon,yes,yes,yes
SSP1,CAN,Canada,yes,yes,yes
SSP1,CAF,Central African Republic,yes,yes,yes
SSP1,TCD,Chad,yes,yes,yes
SSP1,CHL,Chile,yes,yes,yes
SSP1,CHN,China,yes,yes,yes
SSP1,COL,Colombia,yes,yes,yes
SSP1,COM,Comoros,yes,yes,yes
SSP1,COG,Congo,yes,yes,yes
SSP1,CRI,Costa Rica,yes,yes,yes
SSP1,HRV,Croatia,yes,yes,yes
SSP1,CUB,Cuba,yes,yes,NA
SSP1,CUW,Curaçao,yes,NA,NA
SSP1,CYP,Cyprus,yes,yes,yes
SSP1,CZE,Czechia,yes,yes,yes
SSP1,CIV,Côte d'Ivoire,yes,yes,yes
SSP1,COD,Democratic Republic of the Congo,yes,yes,yes
SSP1,DNK,Denmark,yes,yes,yes
SSP1,DJI,Djibouti,yes,yes,yes
SSP1,DOM,Dominican Republic,yes,yes,yes
SSP1,ECU,Ecuador,yes,yes,yes
SSP1,EGY,Egypt,yes,yes,yes
SSP1,SLV,El Salvador,yes,yes,yes
SSP1,GNQ,Equatorial Guinea,yes,yes,yes
SSP1,ERI,Eritrea,yes,yes,yes
SSP1,EST,Estonia,yes,yes,yes
SSP1,SWZ,Eswatini,yes,yes,yes
SSP1,ETH,Ethiopia,yes,yes,yes
SSP1,FJI,Fiji,yes,yes,yes
SSP1,FIN,Finland,yes,yes,yes
SSP1,FRA,France,yes,yes,yes
SSP1,GUF,French Guiana,yes,yes,NA
SSP1,PYF,French Polynesia,yes,yes,NA
SSP1,GAB,Gabon,yes,yes,yes
SSP1,GMB,Gambia,yes,yes,yes
SSP1,GEO,Georgia,yes,yes,yes
SSP1,DEU,Germany,yes,yes,yes
SSP1,GHA,Ghana,yes,yes,yes
SSP1,GRC,Greece,yes,yes,yes
SSP1,GRD,Grenada,yes,yes,yes
SSP1,GLP,Guadeloupe,yes,NA,NA
SSP1,GUM,Guam,yes,yes,NA
SSP1,GTM,Guatemala,yes,yes,yes
SSP1,GIN,Guinea,yes,yes,yes
SSP1,GNB,Guinea-Bissau,yes,yes,yes
SSP1,GUY,Guyana,yes,yes,NA
SSP1,HTI,Haiti,yes,yes,yes
SSP1,HND,Honduras,yes,yes,yes
SSP1,HKG,Hong Kong,yes,yes,yes
SSP1,HUN,Hungary,yes,yes,yes
SSP1,ISL,Iceland,yes,yes,yes
SSP1,IND,India,yes,yes,yes
SSP1,IDN,Indonesia,yes,yes,yes
SSP1,IRN,Iran,yes,yes,yes
SSP1,IRQ,Iraq,yes,yes,yes
SSP1,IRL,Ireland,yes,yes,yes
SSP1,ISR,Israel,yes,yes,yes
SSP1,ITA,Italy,yes,yes,yes
SSP1,JAM,Jamaica,yes,yes,yes
SSP1,JPN,Japan,yes,yes,yes
SSP1,JOR,Jordan,yes,yes,yes
SSP1,KAZ,Kazakhstan,yes,yes,yes
SSP1,KEN,Kenya,yes,yes,yes
SSP1,KIR,Kiribati,yes,yes,yes
SSP1,KWT,Kuwait,yes,yes,yes
SSP1,KGZ,Kyrgyzstan,yes,yes,yes
SSP1,LAO,Laos,yes,yes,yes
SSP1,LVA,Latvia,yes,yes,yes
SSP1,LBN,Lebanon,yes,yes,yes
SSP1,LSO,Lesotho,yes,yes,yes
SSP1,LBR,Liberia,yes,yes,yes
SSP1,LBY,Libya,yes,yes,yes
SSP1,LTU,Lithuania,yes,yes,yes
SSP1,LUX,Luxembourg,yes,yes,yes
SSP1,MAC,Macao,yes,yes,yes
SSP1,MDG,Madagascar,yes,yes,yes
SSP1,MWI,Malawi,yes,yes,yes
SSP1,MYS,Malaysia,yes,yes,yes
SSP1,MDV,Maldives,yes,yes,yes
SSP1,MLI,Mali,yes,yes,yes
SSP1,MLT,Malta,yes,yes,yes
SSP1,MTQ,Martinique,yes,NA,NA
SSP1,MRT,Mauritania,yes,yes,yes
SSP1,MUS,Mauritius,yes,yes,yes
SSP1,MYT,Mayotte,yes,yes,NA
SSP1,MEX,Mexico,yes,yes,yes
SSP1,FSM,Micronesia (Federated States of),yes,yes,yes
SSP1,MDA,Moldova,yes,yes,yes
SSP1,MNG,Mongolia,yes,yes,yes
SSP1,MNE,Montenegro,yes,yes,yes
SSP1,MAR,Morocco,yes,yes,yes
SSP1,MOZ,Mozambique,yes,yes,yes
SSP1,MMR,Myanmar,yes,yes,yes
SSP1,NAM,Namibia,yes,yes,yes
SSP1,NPL,Nepal,yes,yes,yes
SSP1,NLD,Netherlands,yes,yes,yes
SSP1,NCL,New Caledonia,yes,yes,NA
SSP1,NZL,New Zealand,yes,yes,yes
SSP1,NIC,Nicaragua,yes,yes,yes
SSP1,NER,Niger,yes,yes,yes
SSP1,NGA,Nigeria,yes,yes,yes
SSP1,PRK,North Korea,yes,yes,NA
SSP1,MKD,North Macedonia,yes,yes,yes
SSP1,NOR,Norway,yes,yes,yes
SSP1,OMN,Oman,yes,yes,yes
SSP1,PAK,Pakistan,yes,yes,yes
SSP1,PSE,Palestine,yes,NA,yes
SSP1,PAN,Panama,yes,yes,yes
SSP1,PNG,Papua New Guinea,yes,yes,yes
SSP1,PRY,Paraguay,yes,yes,yes
SSP1,PER,Peru,yes,yes,yes
SSP1,PHL,Philippines,yes,yes,yes
SSP1,POL,Poland,yes,yes,yes
SSP1,PRT,Portugal,yes,yes,yes
SSP1,PRI,Puerto Rico,yes,yes,yes
SSP1,QAT,Qatar,yes,yes,yes
SSP1,ROU,Romania,yes,yes,yes
SSP1,RUS,Russian Federation,yes,yes,yes
SSP1,RWA,Rwanda,yes,yes,yes
SSP1,REU,Réunion,yes,NA,NA
SSP1,LCA,Saint Lucia,yes,yes,yes
SSP1,VCT,Saint Vincent and the Grenadines,yes,yes,yes
SSP1,WSM,Samoa,yes,yes,yes
SSP1,STP,Sao Tome and Principe,yes,yes,yes
SSP1,SAU,Saudi Arabia,yes,yes,yes
SSP1,SEN,Senegal,yes,yes,yes
SSP1,SRB,Serbia,yes,yes,yes
SSP1,SYC,Seychelles,yes,yes,yes
SSP1,SLE,Sierra Leone,yes,yes,yes
SSP1,SGP,Singapore,yes,yes,yes
SSP1,SVK,Slovakia,yes,yes,yes
SSP1,SVN,Slovenia,yes,yes,yes
SSP1,SLB,Solomon Islands,yes,yes,yes
SSP1,SOM,Somalia,yes,yes,yes
SSP1,ZAF,South Africa,yes,yes,yes
SSP1,KOR,South Korea,yes,yes,yes
SSP1,SSD,South Sudan,yes,yes,yes
SSP1,ESP,Spain,yes,yes,yes
SSP1,LKA,Sri Lanka,yes,yes,yes
SSP1,SDN,Sudan,yes,yes,yes
SSP1,SUR,Suriname,yes,yes,yes
SSP1,SWE,Sweden,yes,yes,yes
SSP1,CHE,Switzerland,yes,yes,yes
SSP1,SYR,Syria,yes,NA,yes
SSP1,TWN,Taiwan,yes,yes,yes
SSP1,TJK,Tajikistan,yes,yes,yes
SSP1,TZA,Tanzania,yes,yes,yes
SSP1,THA,Thailand,yes,yes,yes
SSP1,TLS,Timor-Leste,yes,yes,yes
SSP1,TGO,Togo,yes,yes,yes
SSP1,TON,Tonga,yes,yes,yes
SSP1,TTO,Trinidad and Tobago,yes,yes,yes
SSP1,TUN,Tunisia,yes,yes,yes
SSP1,TUR,Turkey,yes,yes,yes
SSP1,TKM,Turkmenistan,yes,yes,yes
SSP1,UGA,Uganda,yes,yes,yes
SSP1,UKR,Ukraine,yes,yes,yes
SSP1,ARE,United Arab Emirates,yes,yes,yes
SSP1,GBR,United Kingdom,yes,yes,yes
SSP1,USA,United States,yes,yes,yes
SSP1,VIR,United States Virgin Islands,yes,yes,NA
SSP1,URY,Uruguay,yes,yes,yes
SSP1,UZB,Uzbekistan,yes,yes,yes
SSP1,VUT,Vanuatu,yes,yes,yes
SSP1,VEN,Venezuela,yes,NA,yes
SSP1,VNM,Viet Nam,yes,yes,yes
SSP1,ESH,Western Sahara,yes,yes,NA
SSP1,YEM,Yemen,yes,yes,yes
SSP1,ZMB,Zambia,yes,yes,yes
SSP1,ZWE,Zimbabwe,yes,yes,yes
SSP2,AFG,Afghanistan,yes,NA,yes
SSP2,ALB,Albania,yes,yes,yes
SSP2,DZA,Algeria,yes,yes,yes
SSP2,AGO,Angola,yes,yes,yes
SSP2,ATG,Antigua and Barbuda,yes,yes,yes
SSP2,ARG,Argentina,yes,yes,yes
SSP2,ARM,Armenia,yes,yes,yes
SSP2,ABW,Aruba,yes,yes,yes
SSP2,AUS,Australia,yes,yes,yes
SSP2,AUT,Austria,yes,yes,yes
SSP2,AZE,Azerbaijan,yes,yes,yes
SSP2,BHS,Bahamas,yes,yes,yes
SSP2,BHR,Bahrain,yes,yes,yes
SSP2,BGD,Bangladesh,yes,yes,yes
SSP2,BRB,Barbados,yes,yes,yes
SSP2,BLR,Belarus,yes,yes,yes
SSP2,BEL,Belgium,yes,yes,yes
SSP2,BLZ,Belize,yes,yes,yes
SSP2,BEN,Benin,yes,yes,yes
SSP2,BTN,Bhutan,yes,yes,yes
SSP2,BOL,Bolivia,yes,yes,yes
SSP2,BIH,Bosnia and Herzegovina,yes,yes,yes
SSP2,BWA,Botswana,yes,yes,yes
SSP2,BRA,Brazil,yes,yes,yes
SSP2,BRN,Brunei Darussalam,yes,yes,yes
SSP2,BGR,Bulgaria,yes,yes,yes
SSP2,BFA,Burkina Faso,yes,yes,yes
SSP2,BDI,Burundi,yes,yes,yes
SSP2,CPV,Cabo Verde,yes,yes,yes
SSP2,KHM,Cambodia,yes,yes,yes
SSP2,CMR,Cameroon,yes,yes,yes
SSP2,CAN,Canada,yes,yes,yes
SSP2,CAF,Central African Republic,yes,yes,yes
SSP2,TCD,Chad,yes,yes,yes
SSP2,CHL,Chile,yes,yes,yes
SSP2,CHN,China,yes,yes,yes
SSP2,COL,Colombia,yes,yes,yes
SSP2,COM,Comoros,yes,yes,yes
SSP2,COG,Congo,yes,yes,yes
SSP2,CRI,Costa Rica,yes,yes,yes
SSP2,HRV,Croatia,yes,yes,yes
SSP2,CUB,Cuba,yes,yes,NA
SSP2,CUW,Curaçao,yes,NA,NA
SSP2,CYP,Cyprus,yes,yes,yes
SSP2,CZE,Czechia,yes,yes,yes
SSP2,CIV,Côte d'Ivoire,yes,yes,yes
SSP2,COD,Democratic Republic of the Congo,yes,yes,yes
SSP2,DNK,Denmark,yes,yes,yes
SSP2,DJI,Djibouti,yes,yes,yes
SSP2,DOM,Dominican Republic,yes,yes,yes
SSP2,ECU,Ecuador,yes,yes,yes
SSP2,EGY,Egypt,yes,yes,yes
SSP2,SLV,El Salvador,yes,yes,yes
SSP2,GNQ,Equatorial Guinea,yes,yes,yes
SSP2,ERI,Eritrea,yes,yes,yes
SSP2,EST,Estonia,yes,yes,yes
SSP2,SWZ,Eswatini,yes,yes,yes
SSP2,ETH,Ethiopia,yes,yes,yes
SSP2,FJI,Fiji,yes,yes,yes
SSP2,FIN,Finland,yes,yes,yes
SSP2,FRA,France,yes,yes,yes
SSP2,GUF,French Guiana,yes,yes,NA
SSP2,PYF,French Polynesia,yes,yes,NA
SSP2,GAB,Gabon,yes,yes,yes
SSP2,GMB,Gambia,yes,yes,yes
SSP2,GEO,Georgia,yes,yes,yes
SSP2,DEU,Germany,yes,yes,yes
SSP2,GHA,Ghana,yes,yes,yes
SSP2,GRC,Greece,yes,yes,yes
SSP2,GRD,Grenada,yes,yes,yes
SSP2,GLP,Guadeloupe,yes,NA,NA
SSP2,GUM,Guam,yes,yes,NA
SSP2,GTM,Guatemala,yes,yes,yes
SSP2,GIN,Guinea,yes,yes,yes
SSP2,GNB,Guinea-Bissau,yes,yes,yes
SSP2,GUY,Guyana,yes,yes,NA
SSP2,HTI,Haiti,yes,yes,yes
SSP2,HND,Honduras,yes,yes,yes
SSP2,HKG,Hong Kong,yes,yes,yes
SSP2,HUN,Hungary,yes,yes,yes
SSP2,ISL,Iceland,yes,yes,yes
SSP2,IND,India,yes,yes,yes
SSP2,IDN,Indonesia,yes,yes,yes
SSP2,IRN,Iran,yes,yes,yes
SSP2,IRQ,Iraq,yes,yes,yes
SSP2,IRL,Ireland,yes,yes,yes
SSP2,ISR,Israel,yes,yes,yes
SSP2,ITA,Italy,yes,yes,yes
SSP2,JAM,Jamaica,yes,yes,yes
SSP2,JPN,Japan,yes,yes,yes
SSP2,JOR,Jordan,yes,yes,yes
SSP2,KAZ,Kazakhstan,yes,yes,yes
SSP2,KEN,Kenya,yes,yes,yes
SSP2,KIR,Kiribati,yes,yes,yes
SSP2,KWT,Kuwait,yes,yes,yes
SSP2,KGZ,Kyrgyzstan,yes,yes,yes
SSP2,LAO,Laos,yes,yes,yes
SSP2,LVA,Latvia,yes,yes,yes
SSP2,LBN,Lebanon,yes,yes,yes
SSP2,LSO,Lesotho,yes,yes,yes
SSP2,LBR,Liberia,yes,yes,yes
SSP2,LBY,Libya,yes,yes,yes
SSP2,LTU,Lithuania,yes,yes,yes
SSP2,LUX,Luxembourg,yes,yes,yes
SSP2,MAC,Macao,yes,yes,yes
SSP2,MDG,Madagascar,yes,yes,yes
SSP2,MWI,Malawi,yes,yes,yes
SSP2,MYS,Malaysia,yes,yes,yes
SSP2,MDV,Maldives,yes,yes,yes
SSP2,MLI,Mali,yes,yes,yes
SSP2,MLT,Malta,yes,yes,yes
SSP2,MTQ,Martinique,yes,NA,NA
SSP2,MRT,Mauritania,yes,yes,yes
SSP2,MUS,Mauritius,yes,yes,yes
SSP2,MYT,Mayotte,yes,yes,NA
SSP2,MEX,Mexico,yes,yes,yes
SSP2,FSM,Micronesia (Federated States of),yes,yes,yes
SSP2,MDA,Moldova,yes,yes,yes
SSP2,MNG,Mongolia,yes,yes,yes
SSP2,MNE,Montenegro,yes,yes,yes
SSP2,MAR,Morocco,yes,yes,yes
SSP2,MOZ,Mozambique,yes,yes,yes
SSP2,MMR,Myanmar,yes,yes,yes
SSP2,NAM,Namibia,yes,yes,yes
SSP2,NPL,Nepal,yes,yes,yes
SSP2,NLD,Netherlands,yes,yes,yes
SSP2,NCL,New Caledonia,yes,yes,NA
SSP2,NZL,New Zealand,yes,yes,yes
SSP2,NIC,Nicaragua,yes,yes,yes
SSP2,NER,Niger,yes,yes,yes
SSP2,NGA,Nigeria,yes,yes,yes
SSP2,PRK,North Korea,yes,yes,NA
SSP2,MKD,North Macedonia,yes,yes,yes
SSP2,NOR,Norway,yes,yes,yes
SSP2,OMN,Oman,yes,yes,yes
SSP2,PAK,Pakistan,yes,yes,yes
SSP2,PSE,Palestine,yes,NA,yes
SSP2,PAN,Panama,yes,yes,yes
SSP2,PNG,Papua New Guinea,yes,yes,yes
SSP2,PRY,Paraguay,yes,yes,yes
SSP2,PER,Peru,yes,yes,yes
SSP2,PHL,Philippines,yes,yes,yes
SSP2,POL,Poland,yes,yes,yes
SSP2,PRT,Portugal,yes,yes,yes
SSP2,PRI,Puerto Rico,yes,yes,yes
SSP2,QAT,Qatar,yes,yes,yes
SSP2,ROU,Romania,yes,yes,yes
SSP2,RUS,Russian Federation,yes,yes,yes
SSP2,RWA,Rwanda,yes,yes,yes
SSP2,REU,Réunion,yes,NA,NA
SSP2,LCA,Saint Lucia,yes,yes,yes
SSP2,VCT,Saint Vincent and the Grenadines,yes,yes,yes
SSP2,WSM,Samoa,yes,yes,yes
SSP2,STP,Sao Tome and Principe,yes,yes,yes
SSP2,SAU,Saudi Arabia,yes,yes,yes
SSP2,SEN,Senegal,yes,yes,yes
SSP2,SRB,Serbia,yes,yes,yes
SSP2,SYC,Seychelles,yes,yes,yes
SSP2,SLE,Sierra Leone,yes,yes,yes
SSP2,SGP,Singapore,yes,yes,yes
SSP2,SVK,Slovakia,yes,yes,yes
SSP2,SVN,Slovenia,yes,yes,yes
SSP2,SLB,Solomon Islands,yes,yes,yes
SSP2,SOM,Somalia,yes,yes,yes
SSP2,ZAF,South Africa,yes,yes,yes
SSP2,KOR,South Korea,yes,yes,yes
SSP2,SSD,South Sudan,yes,yes,yes
SSP2,ESP,Spain,yes,yes,yes
SSP2,LKA,Sri Lanka,yes,yes,yes
SSP2,SDN,Sudan,yes,yes,yes
SSP2,SUR,Suriname,yes,yes,yes
SSP2,SWE,Sweden,yes,yes,yes
SSP2,CHE,Switzerland,yes,yes,yes
SSP2,SYR,Syria,yes,NA,yes
SSP2,TWN,Taiwan,yes,yes,yes
SSP2,TJK,Tajikistan,yes,yes,yes
SSP2,TZA,Tanzania,yes,yes,yes
SSP2,THA,Thailand,yes,yes,yes
SSP2,TLS,Timor-Leste,yes,yes,yes
SSP2,TGO,Togo,yes,yes,yes
SSP2,TON,Tonga,yes,yes,yes
SSP2,TTO,Trinidad and Tobago,yes,yes,yes
SSP2,TUN,Tunisia,yes,yes,yes
SSP2,TUR,Turkey,yes,yes,yes
SSP2,TKM,Turkmenistan,yes,yes,yes
SSP2,UGA,Uganda,yes,yes,yes
SSP2,UKR,Ukraine,yes,yes,yes
SSP2,ARE,United Arab Emirates,yes,yes,yes
SSP2,GBR,United Kingdom,yes,yes,yes
SSP2,USA,United States,yes,yes,yes
SSP2,VIR,United States Virgin Islands,yes,yes,NA
SSP2,URY,Uruguay,yes,yes,yes
SSP2,UZB,Uzbekistan,yes,yes,yes
SSP2,VUT,Vanuatu,yes,yes,yes
SSP2,VEN,Venezuela,yes,NA,yes
SSP2,VNM,Viet Nam,yes,yes,yes
SSP2,ESH,Western Sahara,yes,yes,NA
SSP2,YEM,Yemen,yes,yes,yes
SSP2,ZMB,Zambia,yes,yes,yes
SSP2,ZWE,Zimbabwe,yes,yes,yes
SSP3,AFG,Afghanistan,yes,NA,yes
SSP3,ALB,Albania,yes,yes,yes
SSP3,DZA,Algeria,yes,yes,yes
SSP3,AGO,Angola,yes,yes,yes
SSP3,ATG,Antigua and Barbuda,yes,yes,yes
SSP3,ARG,Argentina,yes,yes,yes
SSP3,ARM,Armenia,yes,yes,yes
SSP3,ABW,Aruba,yes,yes,yes
SSP3,AUS,Australia,yes,yes,yes
SSP3,AUT,Austria,yes,yes,yes
SSP3,AZE,Azerbaijan,yes,yes,yes
SSP3,BHS,Bahamas,yes,yes,yes
SSP3,BHR,Bahrain,yes,yes,yes
SSP3,BGD,Bangladesh,yes,yes,yes
SSP3,BRB,Barbados,yes,yes,yes
SSP3,BLR,Belarus,yes,yes,yes
SSP3,BEL,Belgium,yes,yes,yes
SSP3,BLZ,Belize,yes,yes,yes
SSP3,BEN,Benin,yes,yes,yes
SSP3,BTN,Bhutan,yes,yes,yes
SSP3,BOL,Bolivia,yes,yes,yes
SSP3,BIH,Bosnia and Herzegovina,yes,yes,yes
SSP3,BWA,Botswana,yes,yes,yes
SSP3,BRA,Brazil,yes,yes,yes
SSP3,BRN,Brunei Darussalam,yes,yes,yes
SSP3,BGR,Bulgaria,yes,yes,yes
SSP3,BFA,Burkina Faso,yes,yes,yes
SSP3,BDI,Burundi,yes,yes,yes
SSP3,CPV,Cabo Verde,yes,yes,yes
SSP3,KHM,Cambodia,yes,yes,yes
SSP3,CMR,Cameroon,yes,yes,yes
SSP3,CAN,Canada,yes,yes,yes
SSP3,CAF,Central African Republic,yes,yes,yes
SSP3,TCD,Chad,yes,yes,yes
SSP3,CHL,Chile,yes,yes,yes
SSP3,CHN,China,yes,yes,yes
SSP3,COL,Colombia,yes,yes,yes
SSP3,COM,Comoros,yes,yes,yes
SSP3,COG,Congo,yes,yes,yes
SSP3,CRI,Costa Rica,yes,yes,yes
SSP3,HRV,Croatia,yes,yes,yes
SSP3,CUB,Cuba,yes,yes,NA
SSP3,CUW,Curaçao,yes,NA,NA
SSP3,CYP,Cyprus,yes,yes,yes
SSP3,CZE,Czechia,yes,yes,yes
SSP3,CIV,Côte d'Ivoire,yes,yes,yes
SSP3,COD,Democratic Republic of the Congo,yes,yes,yes
SSP3,DNK,Denmark,yes,yes,yes
SSP3,DJI,Djibouti,yes,yes,yes
SSP3,DOM,Dominican Republic,yes,yes,yes
SSP3,ECU,Ecuador,yes,yes,yes
SSP3,EGY,Egypt,yes,yes,yes
SSP3,SLV,El Salvador,yes,yes,yes
SSP3,GNQ,Equatorial Guinea,yes,yes,yes
SSP3,ERI,Eritrea,yes,yes,yes
SSP3,EST,Estonia,yes,yes,yes
SSP3,SWZ,Eswatini,yes,yes,yes
SSP3,ETH,Ethiopia,yes,yes,yes
SSP3,FJI,Fiji,yes,yes,yes
SSP3,FIN,Finland,yes,yes,yes
SSP3,FRA,France,yes,yes,yes
SSP3,GUF,French Guiana,yes,yes,NA
SSP3,PYF,French Polynesia,yes,yes,NA
SSP3,GAB,Gabon,yes,yes,yes
SSP3,GMB,Gambia,yes,yes,yes
SSP3,GEO,Georgia,yes,yes,yes
SSP3,DEU,Germany,yes,yes,yes
SSP3,GHA,Ghana,yes,yes,yes
SSP3,GRC,Greece,yes,yes,yes
SSP3,GRD,Grenada,yes,yes,yes
SSP3,GLP,Guadeloupe,yes,NA,NA
SSP3,GUM,Guam,yes,yes,NA
SSP3,GTM,Guatemala,yes,yes,yes
SSP3,GIN,Guinea,yes,yes,yes
SSP3,GNB,Guinea-Bissau,yes,yes,yes
SSP3,GUY,Guyana,yes,yes,NA
SSP3,HTI,Haiti,yes,yes,yes
SSP3,HND,Honduras,yes,yes,yes
SSP3,HKG,Hong Kong,yes,yes,yes
SSP3,HUN,Hungary,yes,yes,yes
SSP3,ISL,Iceland,yes,yes,yes
SSP3,IND,India,yes,yes,yes
SSP3,IDN,Indonesia,yes,yes,yes
SSP3,IRN,Iran,yes,yes,yes
SSP3,IRQ,Iraq,yes,yes,yes
SSP3,IRL,Ireland,yes,yes,yes
SSP3,ISR,Israel,yes,yes,yes
SSP3,ITA,Italy,yes,yes,yes
SSP3,JAM,Jamaica,yes,yes,yes
SSP3,JPN,Japan,yes,yes,yes
SSP3,JOR,Jordan,yes,yes,yes
SSP3,KAZ,Kazakhstan,yes,yes,yes
SSP3,KEN,Kenya,yes,yes,yes
SSP3,KIR,Kiribati,yes,yes,yes
SSP3,KWT,Kuwait,yes,yes,yes
SSP3,KGZ,Kyrgyzstan,yes,yes,yes
SSP3,LAO,Laos,yes,yes,yes
SSP3,LVA,Latvia,yes,yes,yes
SSP3,LBN,Lebanon,yes,yes,yes
SSP3,LSO,Lesotho,yes,yes,yes
SSP3,LBR,Liberia,yes,yes,yes
SSP3,LBY,Libya,yes,yes,yes
SSP3,LTU,Lithuania,yes,yes,yes
SSP3,LUX,Luxembourg,yes,yes,yes
SSP3,MAC,Macao,yes,yes,yes
SSP3,MDG,Madagascar,yes,yes,yes
SSP3,MWI,Malawi,yes,yes,yes
SSP3,MYS,Malaysia,yes,yes,yes
SSP3,MDV,Maldives,yes,yes,yes
SSP3,MLI,Mali,yes,yes,yes
SSP3,MLT,Malta,yes,yes,yes
SSP3,MTQ,Martinique,yes,NA,NA
SSP3,MRT,Mauritania,yes,yes,yes
SSP3,MUS,Mauritius,yes,yes,yes
SSP3,MYT,Mayotte,yes,yes,NA
SSP3,MEX,Mexico,yes,yes,yes
SSP3,FSM,Micronesia (Federated States of),yes,yes,yes
SSP3,MDA,Moldova,yes,yes,yes
SSP3,MNG,Mongolia,yes,yes,yes
SSP3,MNE,Montenegro,yes,yes,yes
SSP3,MAR,Morocco,yes,yes,yes
SSP3,MOZ,Mozambique,yes,yes,yes
SSP3,MMR,Myanmar,yes,yes,yes
SSP3,NAM,Namibia,yes,yes,yes
SSP3,NPL,Nepal,yes,yes,yes
SSP3,NLD,Netherlands,yes,yes,yes
SSP3,NCL,New Caledonia,yes,yes,NA
SSP3,NZL,New Zealand,yes,yes,yes
SSP3,NIC,Nicaragua,yes,yes,yes
SSP3,NER,Niger,yes,yes,yes
SSP3,NGA,Nigeria,yes,yes,yes
SSP3,PRK,North Korea,yes,yes,NA
SSP3,MKD,North Macedonia,yes,yes,yes
SSP3,NOR,Norway,yes,yes,yes
SSP3,OMN,Oman,yes,yes,yes
SSP3,PAK,Pakistan,yes,yes,yes
SSP3,PSE,Palestine,yes,NA,yes
SSP3,PAN,Panama,yes,yes,yes
SSP3,PNG,Papua New Guinea,yes,yes,yes
SSP3,PRY,Paraguay,yes,yes,yes
SSP3,PER,Peru,yes,yes,yes
SSP3,PHL,Philippines,yes,yes,yes
SSP3,POL,Poland,yes,yes,yes
SSP3,PRT,Portugal,yes,yes,yes
SSP3,PRI,Puerto Rico,yes,yes,yes
SSP3,QAT,Qatar,yes,yes,yes
SSP3,ROU,Romania,yes,yes,yes
SSP3,RUS,Russian Federation,yes,yes,yes
SSP3,RWA,Rwanda,yes,yes,yes
SSP3,REU,Réunion,yes,NA,NA
SSP3,LCA,Saint Lucia,yes,yes,yes
SSP3,VCT,Saint Vincent and the Grenadines,yes,yes,yes
SSP3,WSM,Samoa,yes,yes,yes
SSP3,STP,Sao Tome and Principe,yes,yes,yes
SSP3,SAU,Saudi Arabia,yes,yes,yes
SSP3,SEN,Senegal,yes,yes,yes
SSP3,SRB,Serbia,yes,yes,yes
SSP3,SYC,Seychelles,yes,yes,yes
SSP3,SLE,Sierra Leone,yes,yes,yes
SSP3,SGP,Singapore,yes,yes,yes
SSP3,SVK,Slovakia,yes,yes,yes
SSP3,SVN,Slovenia,yes,yes,yes
SSP3,SLB,Solomon Islands,yes,yes,yes
SSP3,SOM,Somalia,yes,yes,yes
SSP3,ZAF,South Africa,yes,yes,yes
SSP3,KOR,South Korea,yes,yes,yes
SSP3,SSD,South Sudan,yes,yes,yes
SSP3,ESP,Spain,yes,yes,yes
SSP3,LKA,Sri Lanka,yes,yes,yes
SSP3,SDN,Sudan,yes,yes,yes
SSP3,SUR,Suriname,yes,yes,yes
SSP3,SWE,Sweden,yes,yes,yes
SSP3,CHE,Switzerland,yes,yes,yes
SSP3,SYR,Syria,yes,NA,yes
SSP3,TWN,Taiwan,yes,yes,yes
SSP3,TJK,Tajikistan,yes,yes,yes
SSP3,TZA,Tanzania,yes,yes,yes
SSP3,THA,Thailand,yes,yes,yes
SSP3,TLS,Timor-Leste,yes,yes,yes
SSP3,TGO,Togo,yes,yes,yes
SSP3,TON,Tonga,yes,yes,yes
SSP3,TTO,Trinidad and Tobago,yes,yes,yes
SSP3,TUN,Tunisia,yes,yes,yes
SSP3,TUR,Turkey,yes,yes,yes
SSP3,TKM,Turkmenistan,yes,yes,yes
SSP3,UGA,Uganda,yes,yes,yes
SSP3,UKR,Ukraine,yes,yes,yes
SSP3,ARE,United Arab Emirates,yes,yes,yes
SSP3,GBR,United Kingdom,yes,yes,yes
SSP3,USA,United States,yes,yes,yes
SSP3,VIR,United States Virgin Islands,yes,yes,NA
SSP3,URY,Uruguay,yes,yes,yes
SSP3,UZB,Uzbekistan,yes,yes,yes
SSP3,VUT,Vanuatu,yes,yes,yes
SSP3,VEN,Venezuela,yes,NA,yes
SSP3,VNM,Viet Nam,yes,yes,yes
SSP3,ESH,Western Sahara,yes,yes,NA
SSP3,YEM,Yemen,yes,yes,yes
SSP3,ZMB,Zambia,yes,yes,yes
SSP3,ZWE,Zimbabwe,yes,yes,yes
SSP4,AFG,Afghanistan,yes,NA,yes
SSP4,ALB,Albania,yes,yes,yes
SSP4,DZA,Algeria,yes,yes,yes
SSP4,AGO,Angola,yes,yes,yes
SSP4,ATG,Antigua and Barbuda,yes,yes,yes
SSP4,ARG,Argentina,yes,yes,yes
SSP4,ARM,Armenia,yes,yes,yes
SSP4,ABW,Aruba,yes,yes,yes
SSP4,AUS,Australia,yes,yes,yes
SSP4,AUT,Austria,yes,yes,yes
SSP4,AZE,Azerbaijan,yes,yes,yes
SSP4,BHS,Bahamas,yes,yes,yes
SSP4,BHR,Bahrain,yes,yes,yes
SSP4,BGD,Bangladesh,yes,yes,yes
SSP4,BRB,Barbados,yes,yes,yes
SSP4,BLR,Belarus,yes,yes,yes
SSP4,BEL,Belgium,yes,yes,yes
SSP4,BLZ,Belize,yes,yes,yes
SSP4,BEN,Benin,yes,yes,yes
SSP4,BTN,Bhutan,yes,yes,yes
SSP4,BOL,Bolivia,yes,yes,yes
SSP4,BIH,Bosnia and Herzegovina,yes,yes,yes
SSP4,BWA,Botswana,yes,yes,yes
SSP4,BRA,Brazil,yes,yes,yes
SSP4,BRN,Brunei Darussalam,yes,yes,yes
SSP4,BGR,Bulgaria,yes,yes,yes
SSP4,BFA,Burkina Faso,yes,yes,yes
SSP4,BDI,Burundi,yes,yes,yes
SSP4,CPV,Cabo Verde,yes,yes,yes
SSP4,KHM,Cambodia,yes,yes,yes
SSP4,CMR,Cameroon,yes,yes,yes
SSP4,CAN,Canada,yes,yes,yes
SSP4,CAF,Central African Republic,yes,yes,yes
SSP4,TCD,Chad,yes,yes,yes
SSP4,CHL,Chile,yes,yes,yes
SSP4,CHN,China,yes,yes,yes
SSP4,COL,Colombia,yes,yes,yes
SSP4,COM,Comoros,yes,yes,yes
SSP4,COG,Congo,yes,yes,yes
SSP4,CRI,Costa Rica,yes,yes,yes
SSP4,HRV,Croatia,yes,yes,yes
SSP4,CUB,Cuba,yes,yes,NA
SSP4,CUW,Curaçao,yes,NA,NA
SSP4,CYP,Cyprus,yes,yes,yes
SSP4,CZE,Czechia,yes,yes,yes
SSP4,CIV,Côte d'Ivoire,yes,yes,yes
SSP4,COD,Democratic Republic of the Congo,yes,yes,yes
SSP4,DNK,Denmark,yes,yes,yes
SSP4,DJI,Djibouti,yes,yes,yes
SSP4,DOM,Dominican Republic,yes,yes,yes
SSP4,ECU,Ecuador,yes,yes,yes
SSP4,EGY,Egypt,yes,yes,yes
SSP4,SLV,El Salvador,yes,yes,yes
SSP4,GNQ,Equatorial Guinea,yes,yes,yes
SSP4,ERI,Eritrea,yes,yes,yes
SSP4,EST,Estonia,yes,yes,yes
SSP4,SWZ,Eswatini,yes,yes,yes
SSP4,ETH,Ethiopia,yes,yes,yes
SSP4,FJI,Fiji,yes,yes,yes
SSP4,FIN,Finland,yes,yes,yes
SSP4,FRA,France,yes,yes,yes
SSP4,GUF,French Guiana,yes,yes,NA
SSP4,PYF,French Polynesia,yes,yes,NA
SSP4,GAB,Gabon,yes,yes,yes
SSP4,GMB,Gambia,yes,yes,yes
SSP4,GEO,Georgia,yes,yes,yes
SSP4,DEU,Germany,yes,yes,yes
SSP4,GHA,Ghana,yes,yes,yes
SSP4,GRC,Greece,yes,yes,yes
SSP4,GRD,Grenada,yes,yes,yes
SSP4,GLP,Guadeloupe,yes,NA,NA
SSP4,GUM,Guam,yes,yes,NA
SSP4,GTM,Guatemala,yes,yes,yes
SSP4,GIN,Guinea,yes,yes,yes
SSP4,GNB,Guinea-Bissau,yes,yes,yes
SSP4,GUY,Guyana,yes,yes,NA
SSP4,HTI,Haiti,yes,yes,yes
SSP4,HND,Honduras,yes,yes,yes
SSP4,HKG,Hong Kong,yes,yes,yes
SSP4,HUN,Hungary,yes,yes,yes
SSP4,ISL,Iceland,yes,yes,yes
SSP4,IND,India,yes,yes,yes
SSP4,IDN,Indonesia,yes,yes,yes
SSP4,IRN,Iran,yes,yes,yes
SSP4,IRQ,Iraq,yes,yes,yes
SSP4,IRL,Ireland,yes,yes,yes
SSP4,ISR,Israel,yes,yes,yes
SSP4,ITA,Italy,yes,yes,yes
SSP4,JAM,Jamaica,yes,yes,yes
SSP4,JPN,Japan,yes,yes,yes
SSP4,JOR,Jordan,yes,yes,yes
SSP4,KAZ,Kazakhstan,yes,yes,yes
SSP4,KEN,Kenya,yes,yes,yes
SSP4,KIR,Kiribati,yes,yes,yes
SSP4,KWT,Kuwait,yes,yes,yes
SSP4,KGZ,Kyrgyzstan,yes,yes,yes
SSP4,LAO,Laos,yes,yes,yes
SSP4,LVA,Latvia,yes,yes,yes
SSP4,LBN,Lebanon,yes,yes,yes
SSP4,LSO,Lesotho,yes,yes,yes
SSP4,LBR,Liberia,yes,yes,yes
SSP4,LBY,Libya,yes,yes,yes
SSP4,LTU,Lithuania,yes,yes,yes
SSP4,LUX,Luxembourg,yes,yes,yes
SSP4,MAC,Macao,yes,yes,yes
SSP4,MDG,Madagascar,yes,yes,yes
SSP4,MWI,Malawi,yes,yes,yes
SSP4,MYS,Malaysia,yes,yes,yes
SSP4,MDV,Maldives,yes,yes,yes
SSP4,MLI,Mali,yes,yes,yes
SSP4,MLT,Malta,yes,yes,yes
SSP4,MTQ,Martinique,yes,NA,NA
SSP4,MRT,Mauritania,yes,yes,yes
SSP4,MUS,Mauritius,yes,yes,yes
SSP4,MYT,Mayotte,yes,yes,NA
SSP4,MEX,Mexico,yes,yes,yes
SSP4,FSM,Micronesia (Federated States of),yes,yes,yes
SSP4,MDA,Moldova,yes,yes,yes
SSP4,MNG,Mongolia,yes,yes,yes
SSP4,MNE,Montenegro,yes,yes,yes
SSP4,MAR,Morocco,yes,yes,yes
SSP4,MOZ,Mozambique,yes,yes,yes
SSP4,MMR,Myanmar,yes,yes,yes
SSP4,NAM,Namibia,yes,yes,yes
SSP4,NPL,Nepal,yes,yes,yes
SSP4,NLD,Netherlands,yes,yes,yes
SSP4,NCL,New Caledonia,yes,yes,NA
SSP4,NZL,New Zealand,yes,yes,yes
SSP4,NIC,Nicaragua,yes,yes,yes
SSP4,NER,Niger,yes,yes,yes
SSP4,NGA,Nigeria,yes,yes,yes
SSP4,PRK,North Korea,yes,yes,NA
SSP4,MKD,North Macedonia,yes,yes,yes
SSP4,NOR,Norway,yes,yes,yes
SSP4,OMN,Oman,yes,yes,yes
SSP4,PAK,Pakistan,yes,yes,yes
SSP4,PSE,Palestine,yes,NA,yes
SSP4,PAN,Panama,yes,yes,yes
SSP4,PNG,Papua New Guinea,yes,yes,yes
SSP4,PRY,Paraguay,yes,yes,yes
SSP4,PER,Peru,yes,yes,yes
SSP4,PHL,Philippines,yes,yes,yes
SSP4,POL,Poland,yes,yes,yes
SSP4,PRT,Portugal,yes,yes,yes
SSP4,PRI,Puerto Rico,yes,yes,yes
SSP4,QAT,Qatar,yes,yes,yes
SSP4,ROU,Romania,yes,yes,yes
SSP4,RUS,Russian Federation,yes,yes,yes
SSP4,RWA,Rwanda,yes,yes,yes
SSP4,REU,Réunion,yes,NA,NA
SSP4,LCA,Saint Lucia,yes,yes,yes
SSP4,VCT,Saint Vincent and the Grenadines,yes,yes,yes
SSP4,WSM,Samoa,yes,yes,yes
SSP4,STP,Sao Tome and Principe,yes,yes,yes
SSP4,SAU,Saudi Arabia,yes,yes,yes
SSP4,SEN,Senegal,yes,yes,yes
SSP4,SRB,Serbia,yes,yes,yes
SSP4,SYC,Seychelles,yes,yes,yes
SSP4,SLE,Sierra Leone,yes,yes,yes
SSP4,SGP,Singapore,yes,yes,yes
SSP4,SVK,Slovakia,yes,yes,yes
SSP4,SVN,Slovenia,yes,yes,yes
SSP4,SLB,Solomon Islands,yes,yes,yes
SSP4,SOM,Somalia,yes,yes,yes
SSP4,ZAF,South Africa,yes,yes,yes
SSP4,KOR,South Korea,yes,yes,yes
SSP4,SSD,South Sudan,yes,yes,yes
SSP4,ESP,Spain,yes,yes,yes
SSP4,LKA,Sri Lanka,yes,yes,yes
SSP4,SDN,Sudan,yes,yes,yes
SSP4,SUR,Suriname,yes,yes,yes
SSP4,SWE,Sweden,yes,yes,yes
SSP4,CHE,Switzerland,yes,yes,yes
SSP4,SYR,Syria,yes,NA,yes
SSP4,TWN,Taiwan,yes,yes,yes
SSP4,TJK,Tajikistan,yes,yes,yes
SSP4,TZA,Tanzania,yes,yes,yes
SSP4,THA,Thailand,yes,yes,yes
SSP4,TLS,Timor-Leste,yes,yes,yes
SSP4,TGO,Togo,yes,yes,yes
SSP4,TON,Tonga,yes,yes,yes
SSP4,TTO,Trinidad and Tobago,yes,yes,yes
SSP4,TUN,Tunisia,yes,yes,yes
SSP4,TUR,Turkey,yes,yes,yes
SSP4,TKM,Turkmenistan,yes,yes,yes
SSP4,UGA,Uganda,yes,yes,yes
SSP4,UKR,Ukraine,yes,yes,yes
SSP4,ARE,United Arab Emirates,yes,yes,yes
SSP4,GBR,United Kingdom,yes,yes,yes
SSP4,USA,United States,yes,yes,yes
SSP4,VIR,United States Virgin Islands,yes,yes,NA
SSP4,URY,Uruguay,yes,yes,yes
SSP4,UZB,Uzbekistan,yes,yes,yes
SSP4,VUT,Vanuatu,yes,yes,yes
SSP4,VEN,Venezuela,yes,NA,yes
SSP4,VNM,Viet Nam,yes,yes,yes
SSP4,ESH,Western Sahara,yes,yes,NA
SSP4,YEM,Yemen,yes,yes,yes
SSP4,ZMB,Zambia,yes,yes,yes
SSP4,ZWE,Zimbabwe,yes,yes,yes
SSP5,AFG,Afghanistan,yes,NA,yes
SSP5,ALB,Albania,yes,yes,yes
SSP5,DZA,Algeria,yes,yes,yes
SSP5,AGO,Angola,yes,yes,yes
SSP5,ATG,Antigua and Barbuda,yes,yes,yes
SSP5,ARG,Argentina,yes,yes,yes
SSP5,ARM,Armenia,yes,yes,yes
SSP5,ABW,Aruba,yes,yes,yes
SSP5,AUS,Australia,yes,yes,yes
SSP5,AUT,Austria,yes,yes,yes
SSP5,AZE,Azerbaijan,yes,yes,yes
SSP5,BHS,Bahamas,yes,yes,yes
SSP5,BHR,Bahrain,yes,yes,yes
SSP5,BGD,Bangladesh,yes,yes,yes
SSP5,BRB,Barbados,yes,yes,yes
SSP5,BLR,Belarus,yes,yes,yes
SSP5,BEL,Belgium,yes,yes,yes
SSP5,BLZ,Belize,yes,yes,yes
SSP5,BEN,Benin,yes,yes,yes
SSP5,BTN,Bhutan,yes,yes,yes
SSP5,BOL,Bolivia,yes,yes,yes
SSP5,BIH,Bosnia and Herzegovina,yes,yes,yes
SSP5,BWA,Botswana,yes,yes,yes
SSP5,BRA,Brazil,yes,yes,yes
SSP5,BRN,Brunei Darussalam,yes,yes,yes
SSP5,BGR,Bulgaria,yes,yes,yes
SSP5,BFA,Burkina Faso,yes,yes,yes
SSP5,BDI,Burundi,yes,yes,yes
SSP5,CPV,Cabo Verde,yes,yes,yes
SSP5,KHM,Cambodia,yes,yes,yes
SSP5,CMR,Cameroon,yes,yes,yes
SSP5,CAN,Canada,yes,yes,yes
SSP5,CAF,Central African Republic,yes,yes,yes
SSP5,TCD,Chad,yes,yes,yes
SSP5,CHL,Chile,yes,yes,yes
SSP5,CHN,China,yes,yes,yes
SSP5,COL,Colombia,yes,yes,yes
SSP5,COM,Comoros,yes,yes,yes
SSP5,COG,Congo,yes,yes,yes
SSP5,CRI,Costa Rica,yes,yes,yes
SSP5,HRV,Croatia,yes,yes,yes
SSP5,CUB,Cuba,yes,yes,NA
SSP5,CUW,Curaçao,yes,NA,NA
SSP5,CYP,Cyprus,yes,yes,yes
SSP5,CZE,Czechia,yes,yes,yes
SSP5,CIV,Côte d'Ivoire,yes,yes,yes
SSP5,COD,Democratic Republic of the Congo,yes,yes,yes
SSP5,DNK,Denmark,yes,yes,yes
SSP5,DJI,Djibouti,yes,yes,yes
SSP5,DOM,Dominican Republic,yes,yes,yes
SSP5,ECU,Ecuador,yes,yes,yes
SSP5,EGY,Egypt,yes,yes,yes
SSP5,SLV,El Salvador,yes,yes,yes
SSP5,GNQ,Equatorial Guinea,yes,yes,yes
SSP5,ERI,Eritrea,yes,yes,yes
SSP5,EST,Estonia,yes,yes,yes
SSP5,SWZ,Eswatini,yes,yes,yes
SSP5,ETH,Ethiopia,yes,yes,yes
SSP5,FJI,Fiji,yes,yes,yes
SSP5,FIN,Finland,yes,yes,yes
SSP5,FRA,France,yes,yes,yes
SSP5,GUF,French Guiana,yes,yes,NA
SSP5,PYF,French Polynesia,yes,yes,NA
SSP5,GAB,Gabon,yes,yes,yes
SSP5,GMB,Gambia,yes,yes,yes
SSP5,GEO,Georgia,yes,yes,yes
SSP5,DEU,Germany,yes,yes,yes
SSP5,GHA,Ghana,yes,yes,yes
SSP5,GRC,Greece,yes,yes,yes
SSP5,GRD,Grenada,yes,yes,yes
SSP5,GLP,Guadeloupe,yes,NA,NA
SSP5,GUM,Guam,yes,yes,NA
SSP5,GTM,Guatemala,yes,yes,yes
SSP5,GIN,Guinea,yes,yes,yes
SSP5,GNB,Guinea-Bissau,yes,yes,yes
SSP5,GUY,Guyana,yes,yes,NA
SSP5,HTI,Haiti,yes,yes,yes
SSP5,HND,Honduras,yes,yes,yes
SSP5,HKG,Hong Kong,yes,yes,yes
SSP5,HUN,Hungary,yes,yes,yes
SSP5,ISL,Iceland,yes,yes,yes
SSP5,IND,India,yes,yes,yes
SSP5,IDN,Indonesia,yes,yes,yes
SSP5,IRN,Iran,yes,yes,yes
SSP5,IRQ,Iraq,yes,yes,yes
SSP5,IRL,Ireland,yes,yes,yes
SSP5,ISR,Israel,yes,yes,yes
SSP5,ITA,Italy,yes,yes,yes
SSP5,JAM,Jamaica,yes,yes,yes
SSP5,JPN,Japan,yes,yes,yes
SSP5,JOR,Jordan,yes,yes,yes
SSP5,KAZ,Kazakhstan,yes,yes,yes
SSP5,KEN,Kenya,yes,yes,yes
SSP5,KIR,Kiribati,yes,yes,yes
SSP5,KWT,Kuwait,yes,yes,yes
SSP5,KGZ,Kyrgyzstan,yes,yes,yes
SSP5,LAO,Laos,yes,yes,yes
SSP5,LVA,Latvia,yes,yes,yes
SSP5,LBN,Lebanon,yes,yes,yes
SSP5,LSO,Lesotho,yes,yes,yes
SSP5,LBR,Liberia,yes,yes,yes
SSP5,LBY,Libya,yes,yes,yes
SSP5,LTU,Lithuania,yes,yes,yes
SSP5,LUX,Luxembourg,yes,yes,yes
SSP5,MAC,Macao,yes,yes,yes
SSP5,MDG,Madagascar,yes,yes,yes
SSP5,MWI,Malawi,yes,yes,yes
SSP5,MYS,Malaysia,yes,yes,yes
SSP5,MDV,Maldives,yes,yes,yes
SSP5,MLI,Mali,yes,yes,yes
SSP5,MLT,Malta,yes,yes,yes
SSP5,MTQ,Martinique,yes,NA,NA
SSP5,MRT,Mauritania,yes,yes,yes
SSP5,MUS,Mauritius,yes,yes,yes
SSP5,MYT,Mayotte,yes,yes,NA
SSP5,MEX,Mexico,yes,yes,yes
SSP5,FSM,Micronesia (Federated States of),yes,yes,yes
SSP5,MDA,Moldova,yes,yes,yes
SSP5,MNG,Mongolia,yes,yes,yes
SSP5,MNE,Montenegro,yes,yes,yes
SSP5,MAR,Morocco,yes,yes,yes
SSP5,MOZ,Mozambique,yes,yes,yes
SSP5,MMR,Myanmar,yes,yes,yes
SSP5,NAM,Namibia,yes,yes,yes
SSP5,NPL,Nepal,yes,yes,yes
SSP5,NLD,Netherlands,yes,yes,yes
SSP5,NCL,New Caledonia,yes,yes,NA
SSP5,NZL,New Zealand,yes,yes,yes
SSP5,NIC,Nicaragua,yes,yes,yes
SSP5,NER,Niger,yes,yes,yes
SSP5,NGA,Nigeria,yes,yes,yes
SSP5,PRK,North Korea,yes,yes,NA
SSP5,MKD,North Macedonia,yes,yes,yes
SSP5,NOR,Norway,yes,yes,yes
SSP5,OMN,Oman,yes,yes,yes
SSP5,PAK,Pakistan,yes,yes,yes
SSP5,PSE,Palestine,yes,NA,yes
SSP5,PAN,Panama,yes,yes,yes
SSP5,PNG,Papua New Guinea,yes,yes,yes
SSP5,PRY,Paraguay,yes,yes,yes
SSP5,PER,Peru,yes,yes,yes
SSP5,PHL,Philippines,yes,yes,yes
SSP5,POL,Poland,yes,yes,yes
SSP5,PRT,Portugal,yes,yes,yes
SSP5,PRI,Puerto Rico,yes,yes,yes
SSP5,QAT,Qatar,yes,yes,yes
SSP5,ROU,Romania,yes,yes,yes
SSP5,RUS,Russian Federation,yes,yes,yes
SSP5,RWA,Rwanda,yes,yes,yes
SSP5,REU,Réunion,yes,NA,NA
SSP5,LCA,Saint Lucia,yes,yes,yes
SSP5,VCT,Saint Vincent and the Grenadines,yes,yes,yes
SSP5,WSM,Samoa,yes,yes,yes
SSP5,STP,Sao Tome and Principe,yes,yes,yes
SSP5,SAU,Saudi Arabia,yes,yes,yes
SSP5,SEN,Senegal,yes,yes,yes
SSP5,SRB,Serbia,yes,yes,yes
SSP5,SYC,Seychelles,yes,yes,yes
SSP5,SLE,Sierra Leone,yes,yes,yes
SSP5,SGP,Singapore,yes,yes,yes
SSP5,SVK,Slovakia,yes,yes,yes
SSP5,SVN,Slovenia,yes,yes,yes
SSP5,SLB,Solomon Islands,yes,yes,yes
SSP5,SOM,Somalia,yes,yes,yes
SSP5,ZAF,South Africa,yes,yes,yes
SSP5,KOR,South Korea,yes,yes,yes
SSP5,SSD,South Sudan,yes,yes,yes
SSP5,ESP,Spain,yes,yes,yes
SSP5,LKA,Sri Lanka,yes,yes,yes
SSP5,SDN,Sudan,yes,yes,yes
SSP5,SUR,Suriname,yes,yes,yes
SSP5,SWE,Sweden,yes,yes,yes
SSP5,CHE,Switzerland,yes,yes,yes
SSP5,SYR,Syria,yes,NA,yes
SSP5,TWN,Taiwan,yes,yes,yes
SSP5,TJK,Tajikistan,yes,yes,yes
SSP5,TZA,Tanzania,yes,yes,yes
SSP5,THA,Thailand,yes,yes,yes
SSP5,TLS,Timor-Leste,yes,yes,yes
SSP5,TGO,Togo,yes,yes,yes
SSP5,TON,Tonga,yes,yes,yes
SSP5,TTO,Trinidad and Tobago,yes,yes,yes
SSP5,TUN,Tunisia,yes,yes,yes
SSP5,TUR,Turkey,yes,yes,yes
SSP5,TKM,Turkmenistan,yes,yes,yes
SSP5,UGA,Uganda,yes,yes,yes
SSP5,UKR,Ukraine,yes,yes,yes
SSP5,ARE,United Arab Emirates,yes,yes,yes
SSP5,GBR,United Kingdom,yes,yes,yes
SSP5,USA,United States,yes,yes,yes
SSP5,VIR,United States Virgin Islands,yes,yes,NA
SSP5,URY,Uruguay,yes,yes,yes
SSP5,UZB,Uzbekistan,yes,yes,yes
SSP5,VUT,Vanuatu,yes,yes,yes
SSP5,VEN,Venezuela,yes,NA,yes
SSP5,VNM,Viet Nam,yes,yes,yes
SSP5,ESH,Western Sahara,yes,yes,NA
SSP5,YEM,Yemen,yes,yes,yes
SSP5,ZMB,Zambia,yes,yes,yes
SSP5,ZWE,Zimbabwe,yes,yes,yes
