scenario,region,year,iso,Population,GDP|PPP,GDP|PPP [per capita],diff.gdp_per_capita,implied.population,diff.population,diff.population.perc
SSP1,French Polynesia,2020,PYF,1.009624,4.61168,15334.3,10766.579739784316,0.30074277925956844,-0.7088812207404316,-0.7021239795611351
SSP1,French Polynesia,2025,PYF,1.047824,5.44737,17536.7,12337.95479088091,0.31062685682026836,-0.7371971431797317,-0.7035505420564252
SSP1,French Polynesia,2030,PYF,1.079251,6.33739,19836.8,13964.773937480713,0.3194764276496209,-0.759774572350379,-0.7039831997842755
SSP1,French Polynesia,2035,PYF,1.102781,7.42357,22736.2,16004.518913728112,0.3265088273326237,-0.7762721726673762,-0.7039223315122188
SSP1,French Polynesia,2040,PYF,1.118633,8.80594,26553,18680.94544770269,0.3316363499416262,-0.7869966500583738,-0.7035342691109362
SSP1,French Polynesia,2045,PYF,1.128269,10.4624,31235.5,21962.53406723042,0.3349522178290727,-0.7933167821709273,-0.7031273412377077
SSP1,French Polynesia,2050,PYF,1.130787,12.2341,36374.9,25555.797905617947,0.33633357067648295,-0.794453429323517,-0.7025668223312764
SSP1,French Polynesia,2055,PYF,1.124315,14.0759,41985.5,29465.96588367139,0.3352562194090817,-0.7890587805909183,-0.7018129088297481
SSP1,French Polynesia,2060,PYF,1.110004,16.0087,48196.8,33774.59971964065,0.3321527570295123,-0.7778512429704877,-0.7007643602820239
SSP1,French Polynesia,2065,PYF,1.093041999999999,18.0309,54970.1,38474.02757094419,0.3280128651757956,-0.7650291348242033,-0.6999082696037334
SSP1,French Polynesia,2070,PYF,1.074742,20.0918,62165.9,43471.3668004042,0.32319647909866983,-0.7515455209013302,-0.6992799396518701
SSP1,French Polynesia,2075,PYF,1.055893,22.1685,69739.1,48744.07493590734,0.3178776324902386,-0.7380153675097614,-0.6989490104676908
SSP1,French Polynesia,2080,PYF,1.036697,24.2676,77772.1,54363.52449529612,0.3120347785388333,-0.7246622214611667,-0.6990106284296826
SSP1,French Polynesia,2085,PYF,1.017016,26.3728,86284.4,60352.85123380556,0.3056496887038677,-0.7113663112961321,-0.69946422799261
SSP1,French Polynesia,2090,PYF,0.9970029999999991,28.4877,95293.3,66719.9657171543,0.2989475650439223,-0.6980554349560768,-0.7001537958823368
SSP1,French Polynesia,2095,PYF,0.9773970000000001,30.622,104766,73435.84449512328,0.292289483229292,-0.6851075167707081,-0.7009511148189611
SSP1,French Polynesia,2100,PYF,0.958294,32.7745,114669,80468.1180159742,0.2858183118366778,-0.6724756881633223,-0.7017425635173781
SSP1,Micronesia (Federated States of),2020,FSM,0.6408830000000001,0.337534,3024.8,2498.1297653393835,0.11158886537952921,-0.5292941346204709,-0.8258826254097407
SSP1,Micronesia (Federated States of),2025,FSM,0.664795999999999,0.353931999999999,3103.23,2570.838108352036,0.11405277726755639,-0.5507432227324427,-0.8284394351537065
SSP1,Micronesia (Federated States of),2030,FSM,0.683327999999999,0.375141,3240.45,2691.458885923011,0.11576818034532241,-0.5675598196546766,-0.8305818284259937
SSP1,Micronesia (Federated States of),2035,FSM,0.695187,0.435913999999999,3748.7,3121.6543273968023,0.11628404513564676,-0.5789029548643533,-0.8327298336481455
SSP1,Micronesia (Federated States of),2040,FSM,0.7000309999999991,0.550983,4777.56,3990.4762851359433,0.11532728003415968,-0.5847037199658394,-0.8352540387009149
SSP1,Micronesia (Federated States of),2045,FSM,0.700882999999999,0.730443,6442.73,5400.554629788422,0.11337476504525255,-0.5875082349547465,-0.8382400984968208
SSP1,Micronesia (Federated States of),2050,FSM,0.697020999999999,0.971741,8791.47,7397.3355334631215,0.11053225456038637,-0.5864887454396126,-0.8414219161827455
SSP1,Micronesia (Federated States of),2055,FSM,0.6881659999999991,1.27747,11943.3,10086.960105265296,0.10696122512203497,-0.5812047748779641,-0.8445706048801668
SSP1,Micronesia (Federated States of),2060,FSM,0.675,1.65311,16056.7,13607.64814814815,0.10295452988472102,-0.5720454701152791,-0.8474747705411542
SSP1,Micronesia (Federated States of),2065,FSM,0.660802999999999,2.10892,21261.5,18070.04959798911,0.0991896150318651,-0.561613384968134,-0.849895331843431
SSP1,Micronesia (Federated States of),2070,FSM,0.646011,2.63967,27626.6,23540.493107083315,0.09554813114896514,-0.5504628688510349,-0.852095194742868
SSP1,Micronesia (Federated States of),2075,FSM,0.6310689999999991,3.24318,35247.7,30108.515536811337,0.09201110994476237,-0.5390578900552367,-0.8541980196384825
SSP1,Micronesia (Federated States of),2080,FSM,0.615709,3.90888,44167,37818.41649707898,0.08850227545452487,-0.5272067245454751,-0.8562595715597388
SSP1,Micronesia (Federated States of),2085,FSM,0.5997300000000001,4.62553,54396.4,46683.712624014144,0.08503375223360371,-0.5146962477663963,-0.8582132755846735
SSP1,Micronesia (Federated States of),2090,FSM,0.582727,5.38176,65941,56705.526098842165,0.08161477684596836,-0.5011122231540316,-0.8599433751208226
SSP1,Micronesia (Federated States of),2095,FSM,0.564901,6.16897,78724.9,67804.45553273936,0.07836110303093431,-0.4865398969690657,-0.8612834761649665
SSP1,Micronesia (Federated States of),2100,FSM,0.546519,6.98402,92697.3,79918.20174358074,0.075342216008449,-0.471176783991551,-0.8621416345846183
SSP2,French Polynesia,2020,PYF,1.009624,4.61168,15334.3,10766.579739784316,0.30074277925956844,-0.7088812207404316,-0.7021239795611351
SSP2,French Polynesia,2025,PYF,1.050509,5.44629,17519.8,12335.37035684606,0.31086485005536596,-0.739644149944634,-0.7040816879671037
SSP2,French Polynesia,2030,PYF,1.086979,6.30972,19708.9,13904.077643726328,0.3201457209686994,-0.7668332790313005,-0.7054720275472668
SSP2,French Polynesia,2035,PYF,1.117326,7.20289,21978.4,15531.857093095481,0.3277258581152404,-0.7896001418847596,-0.7066873427135496
SSP2,French Polynesia,2040,PYF,1.1415,8.19009,24558.2,17383.35111695138,0.33349716184410905,-0.8080028381558909,-0.7078430470047227
SSP2,French Polynesia,2045,PYF,1.158631,9.29443,27562.4,19540.493111611893,0.33721410327112294,-0.8214168967288771,-0.7089547032047969
SSP2,French Polynesia,2050,PYF,1.168234,10.5151,31030.7,22029.849143065516,0.3388611923031063,-0.8293728076968937,-0.7099372280697991
SSP2,French Polynesia,2055,PYF,1.168809,11.845,35036.8,24902.552231545105,0.33807311169969856,-0.8307358883003014,-0.7107541850724125
SSP2,French Polynesia,2060,PYF,1.162243999999999,13.2975,39627.4,28186.170791675406,0.33556327187753926,-0.8266807281224597,-0.711279841515603
SSP2,French Polynesia,2065,PYF,1.153777,14.8763,44757.7,31864.133912272475,0.3323740942899211,-0.8214029057100789,-0.7119251863315692
SSP2,French Polynesia,2070,PYF,1.144521,16.5457,50311.9,35855.45927064685,0.3288625553795424,-0.8156584446204576,-0.7126635899388981
SSP2,French Polynesia,2075,PYF,1.134933,18.2951,56279.4,40159.41758694126,0.3250763156678998,-0.8098566843321002,-0.7135722411209299
SSP2,French Polynesia,2080,PYF,1.125199,20.1367,62737,44840.876736470615,0.3209700814511373,-0.8042289185488627,-0.7147437195988111
SSP2,French Polynesia,2085,PYF,1.115867999999999,22.0774,69698.2,49913.243356382634,0.3167571042006824,-0.7991108957993165,-0.7161338937932777
SSP2,French Polynesia,2090,PYF,1.107313,24.1342,77173.7,55378.41718475263,0.31272570836956115,-0.7945872916304388,-0.7175814712104336
SSP2,French Polynesia,2095,PYF,1.100096999999999,26.3125,85145.9,61227.55461772914,0.3090283853949515,-0.7910686146050475,-0.7190898753519447
SSP2,French Polynesia,2100,PYF,1.094195,28.6113,93603.1,67454.8357509402,0.305666158492614,-0.788528841507386,-0.7206474545281106
SSP2,Micronesia (Federated States of),2020,FSM,0.6408830000000001,0.337534,3024.8,2498.1297653393835,0.11158886537952921,-0.5292941346204709,-0.8258826254097407
SSP2,Micronesia (Federated States of),2025,FSM,0.668153999999999,0.353931999999999,3086.62,2556.90379684923,0.11466652843563478,-0.5534874715643643,-0.8283830846846163
SSP2,Micronesia (Federated States of),2030,FSM,0.6929550000000001,0.375264999999999,3192.48,2650.9368983555946,0.11754654688517986,-0.5754084531148203,-0.8303691482344744
SSP2,Micronesia (Federated States of),2035,FSM,0.7130850000000001,0.428452,3583.94,2983.0971832250016,0.1195477602861655,-0.5935372397138345,-0.832351318165204
SSP2,Micronesia (Federated States of),2040,FSM,0.727665999999999,0.515257,4286.1,3578.0045276266856,0.1202158139100814,-0.6074501860899176,-0.834792591779633
SSP2,Micronesia (Federated States of),2045,FSM,0.737591,0.640459,5353.98,4485.66815780019,0.11962297206937644,-0.6179680279306236,-0.8378193713462116
SSP2,Micronesia (Federated States of),2050,FSM,0.742337999999999,0.812234999999999,6886.25,5792.092082717038,0.11795026320566333,-0.6243877367943357,-0.8411097596975184
SSP2,Micronesia (Federated States of),2055,FSM,0.742105000000001,1.03842,8990.69,7591.4001420957975,0.11549947779313934,-0.6266055222068617,-0.8443623506200078
SSP2,Micronesia (Federated States of),2060,FSM,0.738066999999999,1.32685,11772.6,9974.863480144755,0.11270662385539303,-0.625360376144606,-0.8472948609605996
SSP2,Micronesia (Federated States of),2065,FSM,0.733306,1.69126,15345,13038.650399696717,0.1102157054415119,-0.6230902945584881,-0.8497002541346833
SSP2,Micronesia (Federated States of),2070,FSM,0.728221999999999,2.1369,19819.8,16885.392635212884,0.10781642599824418,-0.6204055740017549,-0.8519456621768577
SSP2,Micronesia (Federated States of),2075,FSM,0.723117,2.67337,25362.6,21665.59107889871,0.10540599149929424,-0.6177110085007058,-0.8542338356043432
SSP2,Micronesia (Federated States of),2080,FSM,0.7173780000000001,3.30457,32117.6,27511.144268154305,0.10288969287867089,-0.6144883071213292,-0.8565753439906564
SSP2,Micronesia (Federated States of),2085,FSM,0.711133999999999,4.03304,40155.4,34484.120044323565,0.10043580689023143,-0.6106981931097676,-0.8587666925076968
SSP2,Micronesia (Federated States of),2090,FSM,0.7039930000000001,4.85941,49512.7,42610.06034307159,0.09814471842577763,-0.6058482815742224,-0.8605885024058796
SSP2,Micronesia (Federated States of),2095,FSM,0.696504999999999,5.78524,60123,51816.900259151036,0.09622340867887497,-0.6002815913211241,-0.8618482154774553
SSP2,Micronesia (Federated States of),2100,FSM,0.689164999999999,6.81913,72006.9,62112.128791363444,0.09470106337031592,-0.5944639366296831,-0.8625857909639694
SSP3,French Polynesia,2020,PYF,1.009624,4.61168,15334.3,10766.579739784316,0.30074277925956844,-0.7088812207404316,-0.7021239795611351
SSP3,French Polynesia,2025,PYF,1.065672,5.43604,17368.8,12267.755776261363,0.312977292616646,-0.752694707383354,-0.706309922174322
SSP3,French Polynesia,2030,PYF,1.123041,6.22304,19135,13593.759742520531,0.32521766396655344,-0.7978233360334466,-0.7104133651696123
SSP3,French Polynesia,2035,PYF,1.179506,6.87193,20421.4,14595.29144268872,0.33650631200603287,-0.8429996879939671,-0.7147057225600948
SSP3,French Polynesia,2040,PYF,1.234441,7.40872,21371.6,15369.919887301214,0.34666192517172323,-0.8877790748282767,-0.719174974606544
SSP3,French Polynesia,2045,PYF,1.283143,7.83582,22089.5,15982.760532925793,0.35473052807895156,-0.9284124719210484,-0.7235456000781273
SSP3,French Polynesia,2050,PYF,1.325562,8.23905,22827.3,16611.785372996506,0.3609296763086305,-0.9646323236913694,-0.7277157339237014
SSP3,French Polynesia,2055,PYF,1.360919,8.64798,23680.3,17325.785146434137,0.36519723145399346,-0.9957217685460065,-0.731653954824649
SSP3,French Polynesia,2060,PYF,1.392332,9.06924,24598.6,18084.894935403336,0.36868927499939025,-1.0236427250006097,-0.7352001713676118
SSP3,French Polynesia,2065,PYF,1.423359,9.50947,25548,18866.9940134569,0.37221974322843276,-1.0511392567715672,-0.7384920155572607
SSP3,French Polynesia,2070,PYF,1.454397999999999,9.95637,26476.4,19630.70164232899,0.376046970131891,-1.078351029868108,-0.7414414966660493
SSP3,French Polynesia,2075,PYF,1.485323999999999,10.4235,27421,20403.33920679932,0.3801283687684621,-1.105195631231537,-0.7440771382079181
SSP3,French Polynesia,2080,PYF,1.516668,10.9323,28431.6,21223.49644668444,0.38451230321191915,-1.1321556967880808,-0.7464756273542271
SSP3,French Polynesia,2085,PYF,1.549691,11.4975,29509.9,22090.6790069117,0.3896150105557796,-1.1600759894442203,-0.7485853563350503
SSP3,French Polynesia,2090,PYF,1.585078,12.1279,30646.3,22995.004606334827,0.3957378215314737,-1.1893401784685262,-0.7503354273218897
SSP3,French Polynesia,2095,PYF,1.623765,12.8255,31823,23924.381665450357,0.4030261131885743,-1.2207388868114255,-0.7517952947695175
SSP3,French Polynesia,2100,PYF,1.666045,13.5998,33038.6,24875.675229060438,0.411633664864734,-1.254411335135266,-0.7529276430920329
SSP3,Micronesia (Federated States of),2020,FSM,0.6408830000000001,0.337534,3024.8,2498.1297653393835,0.11158886537952921,-0.5292941346204709,-0.8258826254097407
SSP3,Micronesia (Federated States of),2025,FSM,0.680559999999999,0.353931999999999,3006.97,2486.9100493711067,0.11770386801331541,-0.5628561319866836,-0.8270485070922247
SSP3,Micronesia (Federated States of),2030,FSM,0.7219310000000001,0.376606999999999,3024.43,2502.7638019838473,0.12452164540095126,-0.5974093545990489,-0.8275158631490389
SSP3,Micronesia (Federated States of),2035,FSM,0.762451,0.426425999999999,3248.6,2689.3168460661745,0.13126454472695898,-0.6311864552730411,-0.8278387139278998
SSP3,Micronesia (Federated States of),2040,FSM,0.800322999999999,0.487685,3555.61,2946.249779189152,0.13715930599812687,-0.6631636940018721,-0.8286200621522473
SSP3,Micronesia (Federated States of),2045,FSM,0.833573999999999,0.554030999999999,3911.79,3247.1447495483308,0.14163106915248494,-0.6919429308475141,-0.8300917865090741
SSP3,Micronesia (Federated States of),2050,FSM,0.861480000000001,0.6351019999999991,4385.8,3648.5780099363906,0.1448087008071501,-0.7166712991928509,-0.8319070659711776
SSP3,Micronesia (Federated States of),2055,FSM,0.884977999999999,0.735301,4995.83,4164.960758052742,0.14718295058078437,-0.7377950494192147,-0.8336874469412974
SSP3,Micronesia (Federated States of),2060,FSM,0.9064180000000001,0.854946,5717.75,4774.536162675498,0.14952490052905426,-0.7568930994709457,-0.8350375869311352
SSP3,Micronesia (Federated States of),2065,FSM,0.9277359999999991,0.9977900000000001,6554.5,5478.989294368224,0.15222976580974903,-0.7755062341902501,-0.8359126240549584
SSP3,Micronesia (Federated States of),2070,FSM,0.9488769999999991,1.1662,7531.8,6302.76820768129,0.15483682519450861,-0.7940401748054905,-0.8368209734301614
SSP3,Micronesia (Federated States of),2075,FSM,0.9693169999999991,1.36782,8714.2,7303.08268750058,0.15696449473273505,-0.812352505267264,-0.8380669123385485
SSP3,Micronesia (Federated States of),2080,FSM,0.9879000000000011,1.60953,10157,8527.756149407836,0.15846509796199665,-0.8294349020380045,-0.8395939893086382
SSP3,Micronesia (Federated States of),2085,FSM,1.005531,1.89802,11875.8,9988.220203852492,0.15982249616867916,-0.8457085038313208,-0.8410566196679374
SSP3,Micronesia (Federated States of),2090,FSM,1.022886,2.23956,13863,11673.547802980978,0.16154944817139147,-0.8613365518286085,-0.8420650510698245
SSP3,Micronesia (Federated States of),2095,FSM,1.041301,2.64025,16089.5,13553.969927523358,0.16409770347120792,-0.8772032965287921,-0.842410884584565
SSP3,Micronesia (Federated States of),2100,FSM,1.061207,3.1094,18585.5,15655.440171898603,0.1673024669769444,-0.8939045330230556,-0.8423470001828631
SSP4,French Polynesia,2020,PYF,1.009624,4.61168,15334.3,10766.579739784316,0.30074277925956844,-0.7088812207404316,-0.7021239795611351
SSP4,French Polynesia,2025,PYF,1.051235,5.44542,17565.3,12385.278406350624,0.31001007668528296,-0.741224923314717,-0.7050991674694213
SSP4,French Polynesia,2030,PYF,1.089346,6.31498,19880.9,14083.862144259034,0.3176405494721064,-0.7717054505278935,-0.7084116988797807
SSP4,French Polynesia,2035,PYF,1.121541,7.34581,22761.8,16212.052821787165,0.32272535563971216,-0.7988156443602877,-0.7122482765768597
SSP4,French Polynesia,2040,PYF,1.147202,8.61031,26485.9,18980.412736205133,0.32509033108182084,-0.8221116689181792,-0.7166232877193198
SSP4,French Polynesia,2045,PYF,1.164895,10.0669,30959.3,22317.405236952683,0.32516562066971805,-0.839729379330282,-0.7208627209579249
SSP4,French Polynesia,2050,PYF,1.174181,11.5544,35791.1,25950.7091232953,0.3228288596885818,-0.8513521403114181,-0.725060395553512
SSP4,French Polynesia,2055,PYF,1.174075,13.0229,40979.3,29887.248810765923,0.3177921535995002,-0.8562828464004998,-0.7293255085071224
SSP4,French Polynesia,2060,PYF,1.16652,14.4968,46669.5,34242.10912800466,0.31062685479810154,-0.8558931452018985,-0.7337149343362296
SSP4,French Polynesia,2065,PYF,1.15685,15.9707,52806.8,39001.46655141116,0.30243642864176584,-0.8544135713582341,-0.7385690204937841
SSP4,French Polynesia,2070,PYF,1.145799,17.397,59261.4,44078.10868974402,0.2935637700088084,-0.8522352299911916,-0.7437912146817999
SSP4,French Polynesia,2075,PYF,1.13375,18.7477,65990.1,49454.091179713345,0.28409867540737166,-0.8496513245926284,-0.7494168243374891
SSP4,French Polynesia,2080,PYF,1.121223,20.0276,73077.8,55215.51925834558,0.2740586060335697,-0.8471643939664304,-0.7555717229903689
SSP4,French Polynesia,2085,PYF,1.108951,21.2309,80530.8,61385.770147463685,0.26363701838302855,-0.8453139816169715,-0.7622645018733664
SSP4,French Polynesia,2090,PYF,1.097435,22.3645,88361.9,67983.01651259528,0.253101166905646,-0.844333833094354,-0.7693702434261291
SSP4,French Polynesia,2095,PYF,1.087452,23.4261,96560.8,75018.6077928957,0.24260465944772622,-0.8448473405522738,-0.7769054087465689
SSP4,French Polynesia,2100,PYF,1.079062,24.406,105116,82498.2078805481,0.23218158986262794,-0.846880410137372,-0.7848301674392871
SSP4,Micronesia (Federated States of),2020,FSM,0.6408830000000001,0.337534,3024.8,2498.1297653393835,0.11158886537952921,-0.5292941346204709,-0.8258826254097407
SSP4,Micronesia (Federated States of),2025,FSM,0.671631,0.353931999999999,3070.58,2543.6061110639635,0.11526551986921006,-0.5563654801307899,-0.828379690828431
SSP4,Micronesia (Federated States of),2030,FSM,0.703298,0.375212,3144.16,2610.6564211472232,0.11933616609841738,-0.5839618339015826,-0.8303192016777847
SSP4,Micronesia (Federated States of),2035,FSM,0.732673,0.422585,3437.89,2861.1183706373786,0.12291987236357185,-0.6097531276364282,-0.8322309238042458
SSP4,Micronesia (Federated States of),2040,FSM,0.758154999999999,0.489174,3902.3,3257.0836524193596,0.12535530328267944,-0.6327996967173196,-0.8346574206030699
SSP4,Micronesia (Federated States of),2045,FSM,0.778444999999999,0.572616,4534.2,3798.6104593131167,0.12628820960698692,-0.6521567903930121,-0.8377686161424543
SSP4,Micronesia (Federated States of),2050,FSM,0.7933229999999991,0.682974,5421.63,4560.72718992138,0.12597207850775502,-0.6673509214922441,-0.8412095974681748
SSP4,Micronesia (Federated States of),2055,FSM,0.803921999999999,0.8268800000000001,6618.87,5590.312503128412,0.12492766892233871,-0.6789943310776603,-0.844602251310029
SSP4,Micronesia (Federated States of),2060,FSM,0.8123070000000011,1.00828,8142.98,6901.725154233561,0.12382199145767275,-0.6884850085423284,-0.847567494238419
SSP4,Micronesia (Federated States of),2065,FSM,0.821184999999999,1.23784,10043,8535.617376108914,0.1232540077666036,-0.6979309922333955,-0.8499071369221263
SSP4,Micronesia (Federated States of),2070,FSM,0.830554,1.52393,12405.3,10570.464456495303,0.12284507428276625,-0.7077089257172338,-0.8520926101339994
SSP4,Micronesia (Federated States of),2075,FSM,0.840314999999999,1.88288,15387.4,13146.716446808634,0.12236505192560147,-0.7179499480743976,-0.8543819259139709
SSP4,Micronesia (Federated States of),2080,FSM,0.8496900000000001,2.33111,19147.9,16404.41708270075,0.12174233205730131,-0.7279476679426987,-0.856721472469605
SSP4,Micronesia (Federated States of),2085,FSM,0.8594120000000001,2.88641,23785.3,20426.71296607448,0.12135268422092638,-0.7380593157790737,-0.8587956833033209
SSP4,Micronesia (Federated States of),2090,FSM,0.8696630000000001,3.56824,29363.1,25260.08538399357,0.12152122902554567,-0.7481417709744544,-0.86026629967522406
SSP4,Micronesia (Federated States of),2095,FSM,0.881242,4.39799,35896.1,30905.42774425186,0.12251999520839313,-0.7587220047916068,-0.8609689560774529
SSP4,Micronesia (Federated States of),2100,FSM,0.89446,5.40492,43519.6,37476.9373879212,0.12419507532238348,-0.7702649246776165,-0.8611507777626909
SSP5,French Polynesia,2020,PYF,1.009624,4.61168,15334.3,10766.579739784316,0.30074277925956844,-0.7088812207404316,-0.7021239795611351
SSP5,French Polynesia,2025,PYF,1.024959,5.45366,17714,12393.143263291506,0.30787286891724064,-0.7170861310827593,-0.6996242104150111
SSP5,French Polynesia,2030,PYF,1.032138,6.40678,20418.3,14211.00988956903,0.3137763672783728,-0.7183616327216271,-0.6959937844761331
SSP5,French Polynesia,2035,PYF,1.031487,7.79138,24520.2,16966.658365447165,0.3177535256645541,-0.713733474335446,-0.6919461654247179
SSP5,French Polynesia,2040,PYF,1.024445,9.74105,30459.2,20950.588019854655,0.31980649524609966,-0.7046385047539003,-0.6878246316336165
SSP5,French Polynesia,2045,PYF,1.012974,12.1266,37883.3,25912.015445806115,0.32010410919851223,-0.6928698908014879,-0.6839957301979003
SSP5,French Polynesia,2050,PYF,0.9965859999999991,14.6255,45907.9,31232.29749304123,0.3185835117703053,-0.6780024882296938,-0.6803251181831718
SSP5,French Polynesia,2055,PYF,0.973827,17.2272,54727.1,37036.89424476832,0.3147837177559198,-0.6590432822440802,-0.6767560174898418
SSP5,French Polynesia,2060,PYF,0.9458769999999991,20.0093,64726.1,43571.869587377616,0.3091380447763731,-0.636738955223626,-0.6731731030817185
SSP5,French Polynesia,2065,PYF,0.918562999999999,23.0204,76004.5,50943.181396921034,0.30288206619344904,-0.61568093380655,-0.6702653316174837
SSP5,French Polynesia,2070,PYF,0.892614999999999,26.2255,88489.1,59108.5720008066,0.2963698353808548,-0.5962451646191442,-0.6679757393939659
SSP5,French Polynesia,2075,PYF,0.8683690000000001,29.6167,102202,68095.87691177368,0.2897859141699771,-0.5785830858300229,-0.6662871265902202
SSP5,French Polynesia,2080,PYF,0.8457190000000001,33.2216,117341,78058.92167374742,0.28312013703650046,-0.5625988629634997,-0.6652314338018889
SSP5,French Polynesia,2085,PYF,0.824279999999999,37.0436,134049,89108.44581938171,0.27634372505576316,-0.5479362749442358,-0.6647453231234974
SSP5,French Polynesia,2090,PYF,0.8041050000000001,41.1156,152480,101347.87173316919,0.2696458551941239,-0.5344591448058762,-0.6646633770538377
SSP5,French Polynesia,2095,PYF,0.7856969999999991,45.4822,172721,114833.29010674592,0.26332756294833864,-0.5223694370516605,-0.6648484556408655
SSP5,French Polynesia,2100,PYF,0.7691140000000001,50.1723,194852,129618.10749511776,0.2574892739104551,-0.511624726089545,-0.6652131232685207
SSP5,Micronesia (Federated States of),2020,FSM,0.6408830000000001,0.337534,3024.8,2498.1297653393835,0.11158886537952921,-0.5292941346204709,-0.8258826254097407
SSP5,Micronesia (Federated States of),2025,FSM,0.645786,0.353931999999999,3247.58,2699.5160902837797,0.10898330449134402,-0.536802695508656,-0.8312392890348445
SSP5,Micronesia (Federated States of),2030,FSM,0.645025,0.372419,3530.46,2953.088580287586,0.10548738691275357,-0.5395376130872463,-0.8364600024607517
SSP5,Micronesia (Federated States of),2035,FSM,0.638135,0.429714,4258.29,3584.899573209431,0.10091233805118957,-0.5372226619488104,-0.8418636525951568
SSP5,Micronesia (Federated States of),2040,FSM,0.625865999999998,0.5561,5833.9,4945.371145580681,0.09532216870361167,-0.5305438312963864,-0.8476955631019868
SSP5,Micronesia (Federated States of),2045,FSM,0.611599,0.755547,8457.02,7221.656632826412,0.08933962554185752,-0.5222593744581425,-0.8539245068388642
SSP5,Micronesia (Federated States of),2050,FSM,0.594973,1.00795,12121.8,10427.689510952598,0.08315184213565642,-0.5118211578643436,-0.8602426628844394
SSP5,Micronesia (Federated States of),2055,FSM,0.575747999999999,1.31055,17042.9,14766.64372121136,0.07689712431569745,-0.4988508756843016,-0.8664396153947602
SSP5,Micronesia (Federated States of),2060,FSM,0.554335999999999,1.66682,23551.3,20544.423304277545,0.07077401247489523,-0.4835619875251038,-0.8723265086970802
SSP5,Micronesia (Federated States of),2065,FSM,0.534351,2.09292,31937,28020.24865116749,0.06553276763628393,-0.4688182323637161,-0.8773600729926885
SSP5,Micronesia (Federated States of),2070,FSM,0.515864,2.58498,42389.7,37378.728115937534,0.060981323293158474,-0.4548826767068415,-0.8817879842494175
SSP5,Micronesia (Federated States of),2075,FSM,0.499011999999999,3.14482,55140.6,48838.50706435916,0.057032749008897266,-0.44197925099110175,-0.8857086622989079
SSP5,Micronesia (Federated States of),2080,FSM,0.4833829999999991,3.76785,70337.2,62542.44925369736,0.05356838202259971,-0.4298146179773994,-0.8891802524652298
SSP5,Micronesia (Federated States of),2085,FSM,0.468578999999999,4.45266,88127.6,78625.1254973014,0.050525147626850155,-0.41805385237314885,-0.8921736833557409
SSP5,Micronesia (Federated States of),2090,FSM,0.454075,5.20135,108709,97254.17425535429,0.047846544444342234,-0.4062284555556578,-0.8946285427642081
SSP5,Micronesia (Federated States of),2095,FSM,0.439859,6.02088,132176,118487.79537078927,0.04555199128434814,-0.39430700871565183,-0.8964395606675135
SSP5,Micronesia (Federated States of),2100,FSM,0.425985,6.92413,158657,142402.6013709403,0.04364213365940362,-0.3823428663405964,-0.8975500694639398
